corp_code,corp_name,stock_code,계획업종,배출량_tCO2eq,에너지사용량_TJ,매출액,매출원가,영업이익,자산총계
00102858,고려아연,010130,1차비철금속제조업,3199180.0,44425.0,12052918410249.0,10912123098725.0,723472208523.0,14602501706413.0
00103006,고려제강,002240,1차철강제조업,90621.0,1858.0,1739609163820.0,1540059679905.0,26107109844.0,2608977847007.0
00104388,국도화학,007690,합성고무및플라스틱물질제조업,64136.0,2031.0,1305775130486.0,1092404981934.0,25333558032.0,1593312464298.0
00104573,국일제지,078130,"펄프,종이및판지제조업",31922.0,715.0,56365160891.0,52194118415.0,-1288922457.0,142417007318.0
00105174,에이치디현대오일뱅크,,석유정제품제조업,6428458.0,80871.0,30468551161000.0,29482131437000.0,258008764000.0,19954963026000.0
00105271,케이씨씨,002380,"시멘트,석회,플라스터및그외제품제조업",611594.0,11504.0,6658762417820.0,5028041458944.0,471118235184.0,13108550142754.0
00105873,LG디스플레이,034220,전자부품제조업,3671012.0,53595.0,26615347000000.0,24039928000000.0,,32859566000000.0
00105961,LG이노텍,011070,전자부품제조업,426341.0,8866.0,21200755000000.0,19457084000000.0,706043000000.0,11378212000000.0
00106368,금호석유화학,011780,합성고무및플라스틱물질제조업,3308643.0,41218.0,7155003786012.0,6569448551818.0,272804307588.0,8340238952259.0
00106623,현대위아,011210,자동차신품부품제조업,98202.0,2042.0,8180886000000.0,7643485000000.0,218810000000.0,7075991000000.0
00106641,기아,000270,자동차용엔진및자동차제조업,709750.0,14558.0,107448752000000.0,82677981000000.0,12667139000000.0,92755874000000.0
00106669,세아베스틸지주,001430,1차철강제조업,485.0,9.0,3636063257694.0,3378039028208.0,52332166350.0,3826646864046.0
00107598,남양유업,003920,낙농제품및식용빙과류제조업,80101.0,1868.0,952794199365.0,756872279863.0,-9807235105.0,724193724088.0
00107613,이수페타시스,007660,전자부품제조업,49020.0,951.0,836866961285.0,680266617856.0,101878836049.0,790136366426.0
00107987,남해화학,025860,"비료,농약및살균ㆍ살충제제조업",65183.0,966.0,1519109111887.0,1380913364326.0,36263869903.0,773830396996.0
00108241,농심,004370,기타식품제조업,189047.0,3810.0,3438730857998.0,2473188669478.0,163073931930.0,3597461570702.0
00109453,케이조선,067250,선박및보트건조업,63962.0,1153.0,934746000000.0,907058000000.0,11193000000.0,1342379000000.0
00109781,대림제지,017650,"펄프,종이및판지제조업",109561.0,1675.0,166263916267.0,141986310523.0,9834883741.0,317364317281.0
00111227,대양제지공업,006580,"펄프,종이및판지제조업",72126.0,845.0,151231188273.0,141122359730.0,-6769954282.0,200163892702.0
00111704,한화오션,042660,선박및보트건조업,455320.0,8162.0,10776004933627.0,10092078699901.0,237876379317.0,17843809161295.0
00111847,대원강업,000430,자동차신품부품제조업,48056.0,975.0,1367585047000.0,1219183385000.0,22564927000.0,1302349327000.0
00112970,대한방직,001070,"섬유제품염색,정리및마무리가공업",28193.0,443.0,133909117274.0,119329552139.0,2418669755.0,185398515032.0
00113207,대한전선,001440,절연선및케이블제조업,48101.0,970.0,3291299375000.0,3027913181000.0,115169757000.0,2642726208000.0
00113225,대한제강,084010,1차철강제조업,298667.0,5421.0,1224534509948.0,1147873389020.0,10317146497.0,1149797079037.0
00113234,대한제당,001790,기타식품제조업,63721.0,1275.0,1373829105000.0,1238730823000.0,36996731000.0,1233543025000.0
00113410,CJ대한통운,000120,도로화물운송업,228750.0,4091.0,12116761147160.0,10730099638624.0,530663067133.0,9743855522383.0
00113492,깨끗한나라,004540,"펄프,종이및판지제조업",332386.0,4353.0,537049885546.0,455154964628.0,-902193220.0,621077310491.0
00113526,대한항공,003490,항공여객운송업,425062.0,6515.0,17870718495804.0,14112550106909.0,2110200077994.0,47012065940089.0
00113544,대한화섬,003830,화학섬유제조업,47098.0,1033.0,123785673930.0,117539269643.0,-1542476290.0,820584705338.0
00113997,롯데에너지머티리얼즈,020150,전자부품제조업,98944.0,2154.0,902252020191.0,890792920064.0,-64444649841.0,2282023058453.0
00114792,동국홀딩스,001230,부동산임대및공급업,762.0,15.0,1999426088314.0,1830440129071.0,58003101705.0,2509278276042.0
00115287,동방,004140,도로화물운송업,57667.0,842.0,871649680262.0,787346061498.0,39038582380.0,630330388517.0
00119140,핸즈코퍼레이션,143210,자동차신품부품제조업,59826.0,1218.0,764435874065.0,744055169790.0,,885079753443.0
00120483,롯데물산,,부동산임대및공급업,40273.0,774.0,440872197830.0,277929524482.0,94001853936.0,10825557814365.0
00120526,롯데쇼핑,023530,종합소매업,717398.0,14789.0,13986578270060.0,7251356165066.0,473113964780.0,39003044584713.0
00120571,롯데칠성음료,005300,비알코올음료및얼음제조업,155782.0,2970.0,4024503304484.0,2640248953683.0,184926837143.0,4372529473212.0
00120872,만호제강,001080,1차철강제조업,34404.0,703.0,179904428905.0,176617859294.0,-30795040915.0,204811085193.0
00121941,대상,001680,"곡물가공품,전분및전분제품제조업",430747.0,10111.0,4255134757567.0,3113062462535.0,176941145485.0,3509835110048.0
00122481,태경비케이,014580,"시멘트,석회,플라스터및그외제품제조업",611753.0,2537.0,308594841506.0,222024858763.0,42222650666.0,385609175182.0
00122898,벽산,007210,유리및유리제품제조업,118254.0,2182.0,643093353897.0,520668028986.0,25722925299.0,640284164647.0
00124090,한국특강,007280,1차철강제조업,349281.0,6240.0,768777778364.0,733049023249.0,10612175190.0,550648594083.0
00124151,부산주공,005030,자동차신품부품제조업,87529.0,1638.0,213030180079.0,187898337696.0,7334415211.0,226336878948.0
00124504,포스코인터내셔널,047050,전기업,4831068.0,96003.0,32340793124000.0,30444809936000.0,1116921237000.0,
00125646,삼목에스폼,018310,1차비철금속제조업,32565.0,598.0,401900935563.0,289239819480.0,75317069744.0,781273653039.0
00125743,현대비앤지스틸,004560,1차철강제조업,72957.0,1496.0,795376120096.0,717041199092.0,30627008612.0,753622046641.0
00125822,삼보산업,009620,1차비철금속제조업,34132.0,524.0,340974508783.0,318988844813.0,628510028.0,295754193989.0
00126186,삼성에스디에스,018260,"컴퓨터프로그래밍,시스템통합및관리업",173674.0,3626.0,13828232033800.0,11815899879484.0,911096907001.0,13238330251696.0
00126371,삼성전기,009150,전자부품제조업,456652.0,9785.0,10294102976435.0,8334880175421.0,735005856995.0,12792402920884.0
00126380,삼성전자,005930,반도체제조업,13594735.0,258102.0,300870903000000.0,186562268000000.0,32725961000000.0,514531948000000.0
00126478,삼성중공업,010140,선박및보트건조업,528395.0,9160.0,9903077919464.0,8982515873610.0,502698683088.0,17194637128138.0
00126566,한화에어로스페이스,012450,무기및총포탄제조업,114383.0,2236.0,11240121484118.0,8370268279539.0,1731878825342.0,
00126955,삼양식품,003230,기타식품제조업,72404.0,1501.0,1728015003746.0,1004797694924.0,344569150443.0,1594782196967.0
00127200,삼영전자공업,005680,기타금속가공제품제조업,29094.0,669.0,162977940986.0,136763465226.0,7300356335.0,557296058316.0
00127255,삼영,003720,플라스틱제품제조업,32488.0,667.0,126040086242.0,104146010353.0,9101817091.0,136049880807.0
00128227,삼정펄프,009770,"펄프,종이및판지제조업",143169.0,1914.0,163884080446.0,145981701881.0,4868322824.0,298459252351.0
00128555,삼천리,004690,"증기,냉ㆍ온수및공기조절공급업",98837.0,1737.0,5120527432173.0,4613482827215.0,114302576748.0,4518198223654.0
00129509,한익스프레스,014130,도로화물운송업,23918.0,400.0,712300386074.0,692587598681.0,3370635475.0,400183680273.0
00129679,녹십자,006280,의약품제조업,64761.0,1653.0,1679891941477.0,1197959660983.0,32107347889.0,
00129989,코스모신소재,005070,기타화학제품제조업,62428.0,1164.0,569728589077.0,518800178462.0,25002358115.0,784541943950.0
00132211,SUN&L,002820,나무제품제조업,9998.0,272.0,339342203215.0,303935118956.0,-5864106894.0,502781287038.0
00132637,동원시스템즈,014820,유리및유리제품제조업,264278.0,4463.0,1334257031663.0,1166291692835.0,91904557765.0,1552612232456.0
00132804,성신양회,004980,"시멘트,석회,플라스터및그외제품제조업",4072874.0,22556.0,1162632731807.0,969467151865.0,53239362394.0,1366487636273.0
00133706,한국제지,027970,"펄프,종이및판지제조업",311690.0,6434.0,792088806468.0,687844883015.0,19319754356.0,755097664409.0
00133812,세방,004360,도로화물운송업,27838.0,436.0,1373388758110.0,1244359547357.0,24495686269.0,1480281617589.0
00133858,세방전지,004490,일차전지및축전지제조업,147941.0,3059.0,2059542800914.0,1715593665231.0,179667570936.0,2094117786877.0
00133991,세아특수강,019440,1차철강제조업,54540.0,1104.0,1008676692070.0,938255948600.0,22956958016.0,690146270816.0
00134723,페이퍼코리아,001020,"펄프,종이및판지제조업",88730.0,1530.0,290184364896.0,256290601556.0,2037606335.0,490046182315.0
00134963,송원산업,004430,기타화학제품제조업,143654.0,2914.0,1070200000000.0,893292000000.0,62814000000.0,1180193000000.0
00135777,신대양제지,016590,"펄프,종이및판지제조업",241875.0,2988.0,658502364521.0,553202273668.0,29284139868.0,875922548735.0
00136086,무림페이퍼,009200,"펄프,종이및판지제조업",179950.0,3524.0,1384380090169.0,1181471785538.0,89393682541.0,2482701674586.0
00136378,신세계,004170,종합소매업,130801.0,2719.0,6570412728809.0,2517696762977.0,477024306786.0,15071774121951.0
00138020,SK실트론,,반도체제조업,410642.0,8627.0,2126812964000.0,1694667744000.0,315522998000.0,6178784809000.0
00138224,쌍용씨앤이,003410,"시멘트,석회,플라스터및그외제품제조업",10574492.0,62316.0,1695728234643.0,1336082477577.0,190092114409.0,3502828876196.0
00138260,SIMPAC,009160,1차철강제조업,99791.0,1164.0,785061758000.0,709617282000.0,24452879000.0,1079604688000.0
00138279,S-Oil,010950,석유정제품제조업,9632037.0,127580.0,36637031000000.0,35411172000000.0,422177000000.0,24451433000000.0
00138729,아세아제지,002310,"펄프,종이및판지제조업",466661.0,4340.0,891065284091.0,752469262122.0,26566121417.0,1026484518181.0
00138792,아시아나항공,020560,항공여객운송업,306178.0,4517.0,8318567228711.0,7349547997670.0,275690391993.0,13449903474132.0
00139834,LG씨엔에스,064400,"컴퓨터프로그래밍,시스템통합및관리업",130641.0,2785.0,5982627063000.0,5051385964000.0,512864077000.0,4504507763000.0
00140955,한솔케미칼,014680,기초화학물질제조업,133544.0,2814.0,776356975793.0,571593175691.0,128825376120.0,1464678817159.0
00141307,영풍,000670,1차비철금속제조업,766796.0,13576.0,2787414358375.0,2830020314859.0,-160701935806.0,5701707714763.0
00141413,영화금속,012280,금속주조업,87847.0,1291.0,301699111405.0,283471385967.0,9880071656.0,216774804117.0
00141529,오뚜기,007310,기타식품제조업,93135.0,1882.0,3539120882890.0,2935729162991.0,222014509063.0,3597403088294.0
00144252,유니온,000910,"시멘트,석회,플라스터및그외제품제조업",142490.0,1164.0,218159407914.0,192994904483.0,,305473764776.0
00145260,율촌화학,008730,플라스틱제품제조업,81954.0,1512.0,457078095305.0,432799373085.0,,655469570993.0
00145464,이구산업,025820,1차비철금속제조업,36264.0,748.0,472292427806.0,440167263208.0,25163412834.0,329008589068.0
00145552,이수화학,005950,기초화학물질제조업,277942.0,5002.0,1916230887000.0,1853541634000.0,-51445078000.0,957246232000.0
00145880,현대제철,004020,1차철강제조업,28817883.0,159666.0,23226141091217.0,21832181795145.0,159492008580.0,34743788025637.0
00146269,일신방직,003200,방적및가공사제조업,50727.0,1062.0,523651392861.0,435286066952.0,,1115758897982.0
00148896,OCI홀딩스,010060,기초화학물질제조업,1140.0,22.0,3577383349000.0,3116336991000.0,101527729000.0,8093654722000.0
00149239,조일알미늄,018470,1차비철금속제조업,84268.0,1706.0,498372378613.0,465290975699.0,20106641323.0,421666740574.0
00149655,삼성물산,028260,건물건설업,93059.0,2060.0,42103238027336.0,34995636300899.0,2983396694918.0,61990426835548.0
00150244,하이트진로,000080,알코올음료제조업,110066.0,2177.0,2599183408023.0,1413946018396.0,208141871425.0,3441538598928.0
00151368,인터지스,129260,도로화물운송업,32691.0,485.0,701171841541.0,649668988557.0,23864084101.0,470981724710.0
00151395,천일고속,000650,육상여객운송업,21368.0,305.0,44716883420.0,42510932271.0,,53502532108.0
00152455,현대케피코,,자동차신품부품제조업,24930.0,515.0,2643000224122.0,2407913991870.0,52399254074.0,2317346452851.0
00152686,코리아써키트,007810,전자부품제조업,127197.0,2579.0,1406956573662.0,1388940027977.0,-33153617896.0,1255382149192.0
00153339,태경산업,015890,1차철강제조업,99941.0,1418.0,675692460593.0,522236338930.0,55683630049.0,684731194390.0
00153393,태광산업,003240,기초화학물질제조업,895831.0,12938.0,2121863335311.0,1943286296677.0,,4722277800717.0
00155258,포스코스틸리온,058430,1차철강제조업,120953.0,2369.0,1209864896429.0,1108911809843.0,51923404660.0,556803723173.0
00155276,포스코퓨처엠,003670,"시멘트,석회,플라스터및그외제품제조업",2298133.0,18221.0,3699944235821.0,3464000350923.0,721245866.0,7932459834018.0
00156488,휴스틸,005010,1차철강제조업,30450.0,625.0,723068271123.0,666187574384.0,17080221750.0,1431265670359.0
00157636,케이피에프,024880,기타금속가공제품제조업,43892.0,908.0,782013626762.0,686756795994.0,39446972915.0,662367009425.0
00157681,롯데정밀화학,004000,기초화학물질제조업,677663.0,15627.0,1670545189888.0,1491493241123.0,50372565787.0,2713850667217.0
00158112,한국수출포장공업,002200,"펄프,종이및판지제조업",127017.0,1893.0,301761200613.0,270617498823.0,-585859876.0,351203466132.0
00158219,시그네틱스,033170,반도체제조업,34225.0,710.0,118150985037.0,136793712728.0,-25833789534.0,105307343230.0
00159023,SK텔레콤,017670,전기통신업,1166518.0,24379.0,17940609000000.0,,1823409000000.0,30515255000000.0
00159193,한국전력공사,015760,전기업,873710.0,8368.0,93398896000000.0,81964160000000.0,8364710000000.0,246807795000000.0
00159573,한국주철관공업,000970,1차철강제조업,57389.0,765.0,419416899335.0,342813927760.0,15445910306.0,429705980847.0
00159616,두산에너빌리티,034020,1차철강제조업,235252.0,4500.0,16233055000000.0,13503336000000.0,1017600000000.0,26314835000000.0
00159786,유니드,014830,기초화학물질제조업,300606.0,7483.0,1111631182007.0,876469328969.0,95444584358.0,1364801977175.0
00159810,카프로,006380,기초화학물질제조업,12244.0,237.0,7072572538.0,36113207672.0,-32385863735.0,239157482703.0
00160047,한국앤컴퍼니,000240,일차전지및축전지제조업,83256.0,1725.0,1390995724547.0,859698056997.0,418268299588.0,5136426181879.0
00160302,코스모화학,005420,기초화학물질제조업,94980.0,1721.0,749281395087.0,707988158393.0,-2000900280.0,1204329599517.0
00160588,한화,000880,기타화학제품제조업,64772.0,1221.0,55646829000000.0,48723708000000.0,2416109000000.0,252036985000000.0
00161125,한온시스템,018880,자동차신품부품제조업,61700.0,1305.0,9998723268169.0,9186539604117.0,95537353794.0,10620252377496.0
00162461,한화솔루션,009830,기초화학물질제조업,2501207.0,48761.0,12394023649010.0,11008168322414.0,-300237959946.0,30036831374114.0
00163512,한진,002320,도로화물운송업,102568.0,1644.0,3015479161930.0,2793661306519.0,100088306580.0,4189506445715.0
00163761,한창제지,009460,"펄프,종이및판지제조업",193116.0,2443.0,294257732833.0,265963228294.0,1142467067.0,287559143129.0
00164609,에이치디현대미포,010620,선박및보트건조업,166913.0,3013.0,4630048754000.0,4382136698000.0,88527896000.0,5108867288000.0
00164672,한일현대시멘트,006390,"시멘트,석회,플라스터및그외제품제조업",3124044.0,21324.0,513367579551.0,364660329422.0,79088668239.0,906227621119.0
00164742,현대자동차,005380,자동차용엔진및자동차제조업,1526375.0,31466.0,175231153000000.0,139481946000000.0,14239592000000.0,339798429000000.0
00164779,SK하이닉스,000660,반도체제조업,4848541.0,94904.0,66192960000000.0,34364814000000.0,23467319000000.0,119855209000000.0
00164788,현대모비스,012330,자동차신품부품제조업,105334.0,2194.0,57236995000000.0,49174367000000.0,3073456000000.0,66596905000000.0
00165413,롯데케미칼,011170,기초화학물질제조업,5902878.0,112365.0,20430375565357.0,20100524805351.0,,34552330375053.0
00165459,GS칼텍스,,석유정제품제조업,8645917.0,120175.0,47614246000000.0,45952923000000.0,548042000000.0,23173643000000.0
00165653,호텔롯데,,일반및생활숙박시설운영업,156449.0,3208.0,5069103403097.0,3287500636859.0,-45591227565.0,23003146500445.0
00166546,환영철강공업,,1차철강제조업,223712.0,4077.0,457000985408.0,439523407752.0,-2930899985.0,740381966097.0
00168401,금비,008870,유리및유리제품제조업,84439.0,1196.0,259456804269.0,215520456260.0,12361949538.0,282769620563.0
00170877,진로발효,018120,알코올음료제조업,30278.0,734.0,101456070092.0,85027871867.0,11536816557.0,97698492087.0
00172680,동국산업,005160,1차철강제조업,41354.0,841.0,790288185559.0,715245571385.0,11981654449.0,942820929732.0
00172936,동일산업,004890,1차철강제조업,231725.0,2824.0,415796640204.0,397384120044.0,-4158725047.0,482005377173.0
00173102,모나리자,012690,"펄프,종이및판지제조업",41925.0,782.0,126337593913.0,99088622244.0,983200038.0,97168284920.0
00173874,넥센타이어,002350,고무제품제조업,221463.0,4450.0,2847925036412.0,2054999575822.0,172136969776.0,4574474470953.0
00173999,유성티엔에스,024800,도로화물운송업,26598.0,384.0,152855246796.0,142133694066.0,4925695156.0,613070349614.0
00181712,SK,034730,"컴퓨터프로그래밍,시스템통합및관리업",136656.0,2854.0,124690439000000.0,113998912000000.0,2355290000000.0,214977754000000.0
00186799,태웅,044490,1차철강제조업,162294.0,2950.0,386324125935.0,334918024314.0,22816156423.0,812612520410.0
00190321,케이티,030200,전기통신업,1141171.0,23557.0,26431204000000.0,,809471000000.0,41879957000000.0
00190756,와이엔텍,067900,폐기물처리업,158406.0,977.0,113759569571.0,77063498697.0,30278256433.0,440130712252.0
00191287,대동금속,020400,금속주조업,31710.0,609.0,99514130970.0,98416893160.0,-6503287192.0,97333008386.0
00191588,삼원강재,023000,자동차신품부품제조업,31842.0,646.0,343558905658.0,318538788501.0,11756354957.0,290658433763.0
00197476,코엔텍,029960,폐기물처리업,328628.0,617.0,80506803219.0,45161038684.0,30497396526.0,233501074388.0
00203582,한솔홈데코,025750,나무제품제조업,63294.0,1805.0,327259060393.0,272142956288.0,11420299469.0,290379147343.0
00207676,롯데글로벌로지스,,도로화물운송업,60296.0,1168.0,3573333522567.0,3258162926634.0,90205793043.0,2742276203520.0
00207737,세메스,,특수목적용기계제조업,41805.0,728.0,2445030857247.0,1984765493244.0,121284456655.0,2371808662994.0
00209780,케이씨,029460,기초화학물질제조업,181558.0,2521.0,738488124124.0,629156412524.0,27977590175.0,1046845412327.0
00225706,JW생명과학,234080,의약품제조업,28248.0,578.0,222478095665.0,164970427653.0,35857988755.0,325323614449.0
00231363,LG유플러스,032640,전기통신업,1418334.0,29667.0,14625198000000.0,,863130000000.0,19707730000000.0
00231512,세아창원특수강,,1차철강제조업,436291.0,7918.0,1496583761341.0,1420716649440.0,11390811899.0,1543871874644.0
00231929,지에스이피에스,,전기업,3006264.0,70079.0,1643265545912.0,1349869734253.0,252923153215.0,2322890298184.0
00239639,삼표시멘트,038500,"시멘트,석회,플라스터및그외제품제조업",4998174.0,31018.0,790786523331.0,621557396165.0,103930124574.0,1485067226446.0
00241005,코오롱이앤피,138490,합성고무및플라스틱물질제조업,131361.0,2126.0,486210364232.0,393411113216.0,39767482517.0,412141499962.0
00244455,케이티앤지,033780,담배제조업,104110.0,2129.0,5908792000000.0,3006768000000.0,1188814000000.0,13925237000000.0
00245472,티씨케이,064760,기타비금속광물제품제조업,34496.0,713.0,275724843444.0,171586098400.0,80747924196.0,563519610069.0
00255619,강원랜드,035250,유원지및기타오락관련서비스업,79430.0,1603.0,1426862781802.0,1007977631497.0,285790454716.0,4700641154570.0
00260383,대한유화,006650,기초화학물질제조업,1697905.0,34203.0,2800102662159.0,2809038413733.0,-59892625042.0,2219743050345.0
00261285,한국가스공사,036460,연료용가스제조및배관공급업,580251.0,11051.0,38388740000000.0,34976067000000.0,3003363000000.0,57669637000000.0
00262266,삼현,437730,"내화,비내화요업제품제조업",25761.0,445.0,100447699055.0,86610254831.0,5516949984.0,140292826674.0
00295857,코다코,046070,자동차신품부품제조업,39518.0,809.0,251427529030.0,257039055277.0,-37117167570.0,359831099508.0
00302634,현대트랜시스,,자동차신품부품제조업,190651.0,3950.0,12746390000000.0,12111777000000.0,78662000000.0,9771020000000.0
00303192,디에이피,066900,전자부품제조업,77814.0,1614.0,488847196080.0,493374291127.0,-30397142801.0,362365917559.0
00325185,GS파워,,"증기,냉ㆍ온수및공기조절공급업",2696279.0,52467.0,1535283433626.0,1225290658525.0,255446140872.0,3239865547850.0
00332468,에이치디현대삼호,,선박및보트건조업,276469.0,4804.0,7003139212000.0,6086853212000.0,723571404000.0,8386197695000.0
00344287,에이치디현대인프라코어,042670,특수목적용기계제조업,87657.0,1702.0,4114189991329.0,3185444601218.0,184161977034.0,4287197767266.0
00356361,LG화학,051910,기초화학물질제조업,8351819.0,162547.0,48916104000000.0,41379714000000.0,916798000000.0,
00360595,현대글로비스,086280,도로화물운송업,79527.0,1210.0,28407374301315.0,25957178819827.0,1752867442226.0,16849145438725.0
00361008,한화엔진,082740,일반목적용기계제조업,42358.0,762.0,1202204707511.0,1085864356443.0,71531721192.0,1413101954226.0
00362238,휴비스,079980,화학섬유제조업,398301.0,5847.0,939427591658.0,893178403228.0,-38254879526.0,765377954903.0
00365989,모나용평,070960,일반및생활숙박시설운영업,34759.0,694.0,267782604820.0,215396510424.0,26975231186.0,1017716442164.0
00369170,인터플렉스,051370,전자부품제조업,36807.0,769.0,497466413203.0,448727168270.0,,364851451998.0
00369833,유니온머티리얼,047400,"내화,비내화요업제품제조업",37845.0,765.0,108366485493.0,105106378806.0,-16501073442.0,138270697101.0
00390055,종근당바이오,063160,기초의약물질및생물학적제제제조업,92309.0,1938.0,171756008722.0,135813521133.0,10953544485.0,284491992883.0
00398701,엘앤에프,066970,전자부품제조업,138295.0,2847.0,1907478512809.0,2370953705572.0,-558685355192.0,2799831517733.0
00401731,LG전자,066570,반도체제조업,257475.0,5476.0,87728182000000.0,66348948000000.0,3419675000000.0,65629589000000.0
00412348,LB세미콘,061970,반도체제조업,48250.0,1003.0,450864779668.0,432642568683.0,-18823421741.0,806049636545.0
00413046,셀트리온,068270,기초의약물질및생물학적제제제조업,79174.0,1657.0,3557303554371.0,1875590283775.0,492015534847.0,21055222437706.0
00426086,티케이지휴켐스,069260,기초화학물질제조업,108678.0,1530.0,1188238697698.0,1060011786672.0,80802440875.0,1168226900665.0
00428251,현대백화점,069960,종합소매업,162990.0,3430.0,4187614464000.0,1722201112000.0,284042489000.0,11217721674000.0
00428729,대호에이엘,069460,1차비철금속제조업,26366.0,530.0,168532831254.0,156606729583.0,5826923476.0,150164209033.0
00429889,지에스이앤알,,"증기,냉ㆍ온수및공기조절공급업",632.0,12.0,1476365736657.0,1251450193042.0,164657065958.0,3182779236755.0
00445054,하나마이크론,067310,반도체제조업,36237.0,755.0,1250692575645.0,1060534661197.0,106792878899.0,1944648852618.0
00454946,그린케미칼,083420,기초화학물질제조업,56908.0,1292.0,330339365530.0,302735131882.0,10686734198.0,204790661517.0
00461593,한화토탈에너지스,,기초화학물질제조업,4679895.0,106382.0,11797662262098.0,11670167590241.0,-204711449220.0,7478496890570.0
00481454,금호타이어,073240,고무제품제조업,260704.0,5367.0,4532177923979.0,3149928478291.0,588591711860.0,5362836776663.0
00488402,서울바이오시스,092190,반도체제조업,61646.0,1276.0,699232725004.0,596220543018.0,3487592223.0,795813855619.0
00536286,윈팩,097800,반도체제조업,24045.0,500.0,74141469775.0,90875309126.0,-23272387288.0,143109816949.0
00540641,동양고속,084670,육상여객운송업,53374.0,763.0,121720579912.0,113394003754.0,-1530752310.0,157734719637.0
00555874,제주항공,089590,항공여객운송업,228618.0,3282.0,1935791972257.0,1662340102296.0,79912336894.0,1998506193261.0
00573579,평화산업,090080,고무제품제조업,31733.0,649.0,588377472367.0,547360314199.0,14061353558.0,232580292137.0
00595191,후성,093370,기초화학물질제조업,218395.0,776.0,437795018982.0,382917853620.0,-9575604806.0,826277280544.0
00631518,SK이노베이션,096770,일차전지및축전지제조업,2364006.0,47051.0,74716970174000.0,70677947847000.0,315488338000.0,110530097549000.0
00635134,CJ제일제당,097950,"곡물가공품,전분및전분제품제조업",421213.0,9719.0,29359081823000.0,22867386923000.0,1553017638000.0,30149997467000.0
00646495,한화에너지,,"증기,냉ㆍ온수및공기조절공급업",5014682.0,56941.0,5585103795884.0,4786694664549.0,210693400355.0,17295716874048.0
00651901,에어부산,298690,항공여객운송업,163093.0,2342.0,1006762846981.0,796747486436.0,146280451432.0,1417585685197.0
00652016,디비메탈,,1차철강제조업,180424.0,2130.0,200252049523.0,202837542331.0,-12632073261.0,194031799416.0
00653024,진에어,272450,항공여객운송업,217123.0,3111.0,1461262722147.0,1179142394278.0,163113835297.0,1227138208863.0
00679314,동성케미컬,102260,기초화학물질제조업,27046.0,540.0,1066318113144.0,869512592094.0,91029915815.0,1072894256482.0
00683450,평택에너지앤파워,,"증기,냉ㆍ온수및공기조절공급업",1359985.0,26586.0,743596411213.0,660740180984.0,78215620148.0,747993012108.0
00684714,풍산,103140,1차비철금속제조업,240625.0,4949.0,4554411454633.0,3938496724187.0,323768893078.0,4096582596724.0
00687711,한국철강,104700,1차철강제조업,305515.0,5516.0,600003866825.0,564222613454.0,1813549115.0,899069317215.0
00693554,티케이케미칼,104480,화학섬유제조업,61590.0,1236.0,339574686712.0,321982845514.0,,1486403612128.0
00786711,에스케이엔무브,,석유정제품제조업,169022.0,5954.0,5094713202000.0,4032138584000.0,687572170000.0,3788454770000.0
00799177,삼기,122350,자동차신품부품제조업,63431.0,1213.0,542109881986.0,492022840533.0,5143132074.0,629576441769.0
00826435,팜한농,,"비료,농약및살균ㆍ살충제제조업",60012.0,1027.0,762051636114.0,537136662726.0,44084809026.0,1096029648750.0
00828497,한미약품,128940,의약품제조업,71770.0,1430.0,1495501575568.0,678464579524.0,216186188006.0,2020840493653.0
00852078,에스케이지오센트릭,,기초화학물질제조업,2541554.0,59115.0,13193544959000.0,12795097869000.0,-67658594000.0,8326957658000.0
00852175,SK에너지,,석유정제품제조업,7146701.0,75420.0,43419439257000.0,42554689794000.0,53759889000.0,17331611105000.0
00857727,하림,136480,"도축,육류가공및저장처리업",102619.0,2521.0,1285418842000.0,1090078044000.0,28512657000.0,832786999000.0
00864842,현대종합특수강,,1차철강제조업,46692.0,942.0,545786943307.0,511985974303.0,10944914136.0,503540798057.0
00872984,이마트,139480,종합소매업,522497.0,10973.0,29020896860848.0,19979757264311.0,47098144142.0,33930639265588.0
00877059,삼성바이오로직스,207940,기초의약물질및생물학적제제제조업,226519.0,4651.0,4547322176421.0,2256477586440.0,1320052380133.0,17336296349511.0
00895985,파주에너지서비스,,전기업,4132297.0,80560.0,1756966913085.0,1443035236192.0,301176585538.0,1723109104281.0
00896285,삼양사,145990,"곡물가공품,전분및전분제품제조업",264263.0,6250.0,2671821461625.0,2160769134257.0,133523122893.0,3319926499915.0
00936787,애경케미칼,161000,기초화학물질제조업,165838.0,1832.0,1642244565944.0,1501408563579.0,15459352752.0,1356432222259.0
00937324,한국타이어앤테크놀로지,161390,고무제품제조업,396117.0,8176.0,9411947926996.0,5943937771390.0,1762260288101.0,15849744509888.0
00939289,나래에너지서비스,,"증기,냉ㆍ온수및공기조절공급업",1822245.0,36263.0,1023413043758.0,826283590031.0,165552415892.0,1345675418826.0
00970143,에스파워,,전기업,1508447.0,29876.0,734607051920.0,679716454172.0,51676494597.0,740070365164.0
00979074,SK인천석유화학,,석유정제품제조업,1538765.0,45185.0,10728379214000.0,10640597610000.0,28083955000.0,5588980720000.0
00980061,보령엘엔지터미널,,연료용가스제조및배관공급업,60929.0,1229.0,255997878401.0,153525233555.0,93933511076.0,1606398927664.0
00990165,아세아시멘트,183190,"시멘트,석회,플라스터및그외제품제조업",2114034.0,13839.0,1110338447000.0,850518591000.0,140751172000.0,2195403207000.0
01032413,해성디에스,195870,반도체제조업,66233.0,1450.0,602993604010.0,491556947432.0,56869813937.0,794194183895.0
01032583,강동씨앤엘,198440,"시멘트,석회,플라스터및그외제품제조업",9576.0,182.0,47382972250.0,33592899137.0,5550285074.0,439892185086.0
01043844,에스케이어드밴스드,,기초화학물질제조업,529742.0,10547.0,688077721725.0,795690723165.0,-116132947695.0,1048781475514.0
01060744,한솔제지,213500,"펄프,종이및판지제조업",923577.0,16584.0,2215792424792.0,1783922074336.0,21991294920.0,2016850557370.0
01060814,삼양패키징,272550,플라스틱제품제조업,134673.0,2925.0,448111536488.0,360321828147.0,33757315714.0,
01095722,심텍,222800,전자부품제조업,106014.0,2308.0,1231421381070.0,1179473868869.0,-46969220820.0,1443279296879.0
01160363,에코프로비엠,247540,일차전지및축전지제조업,68312.0,1426.0,2766837750152.0,2671990562810.0,-34109364109.0,4323660098124.0
01199550,HD현대에너지솔루션,322000,반도체제조업,19982.0,402.0,422371216357.0,374969838325.0,3502725251.0,453774373436.0
01205851,HD현대일렉트릭,267260,"전동기,발전기및전기변환ㆍ공급ㆍ제어장치제조업",38225.0,787.0,3322349007529.0,2277783725387.0,668970713547.0,3795545096460.0
01234507,매일유업,267980,낙농제품및식용빙과류제조업,110178.0,2202.0,1811435717578.0,1305564605115.0,70336217738.0,1026284198804.0
01237540,이녹스첨단소재,272290,전자부품제조업,30420.0,557.0,422809289354.0,277356698153.0,86804439404.0,825970502291.0
01238169,오리온,271560,기타식품제조업,74067.0,1500.0,3104338576129.0,1908164043915.0,543587778241.0,4308449797008.0
01258507,롯데웰푸드,280360,기타식품제조업,206189.0,4296.0,4044252365474.0,2848795749450.0,157101345659.0,4341728167516.0
01267170,SK케미칼,285130,합성고무및플라스틱물질제조업,222379.0,4058.0,1736778902011.0,1340793917333.0,-45175568334.0,5367048627339.0
01291317,더블유씨피,393890,플라스틱제품제조업,96802.0,2086.0,322073352106.0,375204878982.0,-70938111834.0,1810190530958.0
01316227,효성티앤씨,298020,화학섬유제조업,244092.0,5439.0,7776065076844.0,7155686387274.0,270728036762.0,4724182664945.0
01316236,효성화학,298000,기초화학물질제조업,675406.0,14554.0,2838188216213.0,2915185121008.0,,3272029757634.0
01316245,효성중공업,298040,"전동기,발전기및전기변환ㆍ공급ㆍ제어장치제조업",52593.0,1100.0,4894979612220.0,4103207266477.0,362479487133.0,6218812921202.0
01319808,한일시멘트,300720,"시멘트,석회,플라스터및그외제품제조업",3668271.0,24504.0,1741671258107.0,1265111154739.0,271389512685.0,2988334569492.0
01325979,세아제강,306200,1차철강제조업,63961.0,1310.0,1809432963576.0,1511049240114.0,202908673849.0,1823848054024.0
01386916,SK아이이테크놀로지,361610,일차전지및축전지제조업,75145.0,1541.0,217864619000.0,379734746000.0,-290994179000.0,4150138152000.0
01390344,HD현대중공업,329180,선박및보트건조업,671156.0,11635.0,14486453544000.0,12992522670000.0,705223483000.0,19390946750000.0
01428203,케이씨씨글라스,344820,유리및유리제품제조업,718215.0,9631.0,1903321455409.0,1660478776993.0,57180712038.0,2494298894368.0
01478712,대덕전자,353200,전자부품제조업,136647.0,2851.0,892135903752.0,830588902919.0,11259489061.0,1088723750887.0
01515323,LG에너지솔루션,373220,일차전지및축전지제조업,408140.0,8863.0,25619585000000.0,22213605000000.0,575387000000.0,60306791000000.0
01592447,에스케이온,,일차전지및축전지제조업,160618.0,3326.0,14034741024000.0,13750491367000.0,-1086562303000.0,48374186960000.0
01602124,에스케이스페셜티,,기초화학물질제조업,261423.0,5418.0,708408883050.0,497153860409.0,119048066091.0,1273852128645.0
01620971,포스코,,1차철강제조업,71065143.0,377245.0,44644092226032.0,41410019054258.0,1732152968970.0,51412846092508.0
01629495,세아베스틸,,1차철강제조업,1155808.0,18419.0,2024922507170.0,1888925888270.0,34366055524.0,1604738254731.0
01702017,유니드비티플러스,446070,나무제품제조업,54199.0,2218.0,194894088152.0,168669247995.0,3054336971.0,235451613708.0
01760738,OCI,456040,기타화학제품제조업,1187244.0,18413.0,2215285616000.0,1914797974000.0,110492797000.0,2283045417000.0
01765256,동국씨엠,460850,1차철강제조업,287890.0,6268.0,2163761368649.0,1997437910730.0,77329845672.0,1835139730494.0
01765265,동국제강,460860,1차철강제조업,1297673.0,22389.0,3527525783006.0,3188056704780.0,102474077764.0,3194015021446.0
