NO,업체명,대상년도,지정구분,부문,계획업종,온실가스배출량,에너지사용량,검증수행기관,중소기업여부
1,베올리아워터코리아대산(주),2024,사업장,공공·기타,수도업,"89,082","1,859",(주)한국경영인증원,N
2,네이처이앤티(주),2024,업체,폐기물,폐기물처리업,"198,107",439,(주)비에스아이그룹코리아,Y
3,씨이케이주식회사,2024,업체,폐기물,폐기물처리업,"226,301","1,308",(재)한국품질재단,N
4,대일개발주식회사,2024,사업장,폐기물,폐기물처리업,"55,847",155,로이드인증원㈜,Y
5,전주시,2024,업체,폐기물,폐기물처리업,"168,919","1,777",㈜한국품질보증원,N
6,세종특별자치시,2024,사업장,폐기물,"하수,폐수및분뇨처리업","53,883",608,(재)한국품질재단,N
7,용인시,2024,업체,폐기물,폐기물처리업,"191,023","2,010",㈜한국품질보증원,N
8,양산시,2024,사업장,폐기물,폐기물처리업,"94,700",841,㈜한국품질보증원,N
9,㈜토탈,2024,사업장,폐기물,폐기물처리업,"64,339",70,(재)한국품질재단,Y
10,보령시,2024,사업장,폐기물,폐기물처리업,"51,879",330,㈜한국품질보증원,N
11,(주)창원에너텍,2024,사업장,폐기물,폐기물처리업,"77,277","1,032",(재)한국품질재단,Y
12,포천시,2024,사업장,폐기물,폐기물처리업,"59,149",629,㈜한국품질보증원,N
13,경산시,2024,사업장,폐기물,폐기물처리업,"74,974",808,㈜한국품질보증원,N
14,강릉시,2024,사업장,폐기물,폐기물처리업,"107,713",771,(주)비에스아이그룹코리아,N
15,경주시,2024,사업장,폐기물,폐기물처리업,"83,421",700,㈜한국품질보증원,N
16,김해시,2024,사업장,폐기물,폐기물처리업,"117,612","1,340",㈜한국품질보증원,N
17,순천시,2024,사업장,폐기물,"하수,폐수및분뇨처리업","57,853",453,(주)한국경영인증원,N
18,시흥시,2024,사업장,폐기물,폐기물처리업,"99,448","1,023",(주)비에스아이그룹코리아,N
19,원주시,2024,사업장,폐기물,"하수,폐수및분뇨처리업","57,836",752,(재)한국화학융합시험연구원,N
20,의정부시,2024,사업장,폐기물,"하수,폐수및분뇨처리업","82,379",404,㈜한국품질보증원,N
21,진주시,2024,사업장,폐기물,폐기물처리업,"123,714",623,지속가능인증원주식회사,N
22,청주시,2024,업체,폐기물,폐기물처리업,"223,223","1,910",(재)한국화학융합시험연구원,N
23,춘천시,2024,업체,폐기물,폐기물처리업,"100,615","1,571",(재)한국화학융합시험연구원,N
24,화성시,2024,사업장,폐기물,폐기물처리업,"135,511","1,229",㈜한국품질보증원,N
25,주식회사범우,2024,사업장,폐기물,폐기물처리업,"95,337",76,한국표준협회,Y
26,(주)엔아이티,2024,업체,폐기물,폐기물처리업,"163,208",283,㈜한국품질보증원,Y
27,주식회사이엠케이승경,2024,사업장,폐기물,폐기물처리업,"45,824",521,(주)한국경영인증원,N
28,군산시,2024,사업장,폐기물,폐기물처리업,"107,270",607,㈜한국품질보증원,N
29,양주시,2024,사업장,폐기물,폐기물처리업,"70,705",929,㈜한국품질보증원,N
30,충주시,2024,사업장,폐기물,폐기물처리업,"74,508",778,(재)한국품질재단,N
31,평택시,2024,업체,폐기물,"하수,폐수및분뇨처리업","123,716","1,914",㈜한국품질보증원,N
32,신대한정유산업주식회사,2024,사업장,폐기물,폐기물처리업,"96,976",253,(주)한국경영인증원,Y
33,김천시,2024,사업장,폐기물,"하수,폐수및분뇨처리업","43,214",391,㈜한국품질보증원,N
34,주식회사유니큰,2024,업체,폐기물,폐기물처리업,"89,177",490,지속가능인증원주식회사,Y
35,주식회사영흥산업환경,2024,사업장,폐기물,폐기물처리업,"136,221",569,㈜한국품질보증원,N
36,(주)그린스코,2024,사업장,폐기물,폐기물처리업,"59,323",102,(주)한국경영인증원,Y
37,서해그린환경(주),2024,사업장,폐기물,폐기물처리업,"93,483",212,(재)한국품질재단,Y
38,초당환경(유),2024,사업장,폐기물,폐기물처리업,"25,578",72,(재)한국품질재단,Y
39,포항시,2024,업체,폐기물,폐기물처리업,"164,383","2,505",㈜한국품질보증원,N
40,제천시,2024,사업장,폐기물,"하수,폐수및분뇨처리업","45,322",368,(재)한국품질재단,N
41,(주)케이비아이텍,2024,업체,폐기물,폐기물처리업,"151,791",178,(재)한국품질재단,Y
42,리뉴에너지충북(주),2024,업체,폐기물,폐기물처리업,"191,548",211,한국표준협회,Y
43,(주)동양환경,2024,업체,폐기물,폐기물처리업,"239,750",664,(재)한국품질재단,Y
44,하남시,2024,사업장,폐기물,폐기물처리업,"37,725",497,(재)한국품질재단,N
45,주식회사피엔알,2024,업체,폐기물,"해체,선별및원료재생업","138,340","1,971",(재)한국품질재단,N
46,주식회사에코비트에너지명성,2024,업체,폐기물,폐기물처리업,"39,036",47,한국표준협회,N
47,(주)다나에너지솔루션,2024,사업장,폐기물,폐기물처리업,"58,590",222,(주)한국경영인증원,N
48,코어엔텍주식회사,2024,업체,폐기물,폐기물처리업,"293,163","1,833",로이드인증원㈜,N
49,NC울산(주),2024,사업장,폐기물,폐기물처리업,"71,888",40,한국표준협회,Y
50,부경산업(주),2024,사업장,폐기물,폐기물처리업,"65,958",132,로이드인증원㈜,Y
51,한국환경개발(주),2024,사업장,폐기물,폐기물처리업,"74,724",479,(주)한국경영인증원,N
52,리뉴에너지경기주식회사,2024,사업장,폐기물,폐기물처리업,"56,518",90,대일이엔씨기술(주),N
53,이도에코오산(주),2024,사업장,폐기물,폐기물처리업,"47,492",33,(주)한국경영인증원,Y
54,한세이프에너지(주),2024,사업장,폐기물,폐기물처리업,"47,986",47,(재)한국품질재단,Y
55,(주)와이엔텍,2024,업체,폐기물,폐기물처리업,"158,406",977,(재)한국품질재단,Y
56,리뉴에너지경북주식회사,2024,사업장,폐기물,폐기물처리업,"70,426",205,대일이엔씨기술(주),N
57,(주)케이비아이국인산업,2024,업체,폐기물,폐기물처리업,"247,354",115,(재)한국품질재단,Y
58,에코비트에너지정세,2024,사업장,폐기물,폐기물처리업,"60,000",481,한국표준협회,N
59,(주)이에스티,2024,사업장,폐기물,폐기물처리업,"68,030",12,(재)한국품질재단,Y
60,주식회사서원환경,2024,사업장,폐기물,폐기물처리업,"31,301",2,한국표준협회,N
61,(주)보림씨에스,2024,사업장,폐기물,폐기물처리업,"52,338",25,(재)한국품질재단,Y
62,리뉴랜드경주주식회사,2024,업체,폐기물,폐기물처리업,"111,733",31,대일이엔씨기술(주),N
63,(주)에코비트그린,2024,업체,폐기물,폐기물처리업,"57,512",21,한국표준협회,N
64,한맥테코산업㈜,2024,사업장,폐기물,폐기물처리업,"40,340",27,㈜한국품질보증원,Y
65,(주)에이티에너지,2024,사업장,폐기물,폐기물처리업,"21,500",18,대일이엔씨기술(주),Y
66,(주)애니테크,2024,사업장,폐기물,폐기물처리업,"45,268",205,(주)한국경영인증원,Y
67,리뉴에너지충청(주),2024,사업장,폐기물,폐기물처리업,"58,486",126,대일이엔씨기술(주),N
68,이도에코전주(주),2024,사업장,폐기물,폐기물처리업,"42,693",23,㈜한국품질보증원,N
69,(유)남해환경,2024,사업장,폐기물,폐기물처리업,"27,986",179,(재)한국품질재단,Y
70,(주)에스피환경,2024,사업장,폐기물,폐기물처리업,"73,956",515,㈜한국품질보증원,N
71,NC양산(주),2024,사업장,폐기물,폐기물처리업,"32,957",24,한국표준협회,N
72,부산그린파워(주),2024,사업장,폐기물,폐기물처리업,"35,650",12,(주)한국경영인증원,Y
73,주식회사그린밸리,2024,사업장,폐기물,폐기물처리업,"35,571",33,㈜한국품질보증원,Y
74,광양시,2024,사업장,폐기물,폐기물처리업,"45,864",213,㈜한국품질보증원,N
75,영주시,2024,사업장,폐기물,폐기물처리업,"36,061",136,(재)한국품질재단,N
76,부산광역시,2024,업체,폐기물,폐기물처리업,"745,005","8,126",지속가능인증원주식회사,N
77,수도권매립지관리공사,2024,업체,폐기물,폐기물처리업,"1,006,395","4,386",(주)한국경영인증원,N
78,대구광역시,2024,업체,폐기물,폐기물처리업,"474,138","4,921",㈜한국품질보증원,N
79,인천광역시,2024,업체,폐기물,폐기물처리업,"398,065","4,996",(재)한국화학융합시험연구원,N
80,광주광역시,2024,업체,폐기물,폐기물처리업,"174,787","1,643",(재)한국품질재단,N
81,대전광역시,2024,업체,폐기물,폐기물처리업,"362,486","3,064",(주)한국경영인증원,N
82,울산광역시,2024,업체,폐기물,폐기물처리업,"315,968","3,077",㈜한국품질보증원,N
83,제주특별자치도,2024,업체,폐기물,폐기물처리업,"354,623","3,390",한국표준협회,N
84,수원시,2024,업체,폐기물,폐기물처리업,"194,918","2,260",㈜한국품질보증원,N
85,성남시,2024,업체,폐기물,폐기물처리업,"243,032","2,336",㈜한국품질보증원,N
86,부천시,2024,업체,폐기물,"하수,폐수및분뇨처리업","162,602","1,597",㈜한국품질보증원,N
87,창원시,2024,업체,폐기물,폐기물처리업,"240,936","2,432",㈜한국품질보증원,N
88,광명시,2024,사업장,폐기물,폐기물처리업,"67,729",327,㈜한국품질보증원,N
89,한국수자원공사,2024,업체,공공·기타,수도업,"802,871","17,491",(주)한국경영인증원,N
90,비노텍주식회사,2024,사업장,폐기물,폐기물처리업,"107,519",63,(주)한국경영인증원,N
91,성림유화주식회사,2024,업체,폐기물,폐기물처리업,"255,697",216,로이드인증원㈜,Y
92,주식회사코엔텍,2024,업체,폐기물,폐기물처리업,"328,628",617,한국표준협회,Y
93,케이지에코솔루션주식회사,2024,업체,폐기물,폐기물처리업,"1,562",28,로이드인증원㈜,N
94,서울특별시,2024,업체,폐기물,폐기물처리업,"1,360,897","13,009",(재)한국품질재단,N
95,천안시,2024,업체,폐기물,폐기물처리업,"157,838","1,761",㈜한국품질보증원,N
96,안산시,2024,업체,폐기물,"하수,폐수및분뇨처리업","114,730","1,447",㈜한국품질보증원,N
97,안양시,2024,사업장,폐기물,"하수,폐수및분뇨처리업","95,365","1,062",㈜한국품질보증원,N
98,고양시,2024,업체,폐기물,폐기물처리업,"140,051","1,151",㈜한국품질보증원,N
99,구미시,2024,업체,폐기물,폐기물처리업,"148,251","1,182",㈜한국품질보증원,N
100,파주시,2024,업체,폐기물,폐기물처리업,"162,221","1,517",㈜한국품질보증원,N
101,이천시,2024,사업장,폐기물,폐기물처리업,"120,026",650,㈜한국품질보증원,N
102,익산시,2024,사업장,폐기물,폐기물처리업,"74,429",583,㈜한국품질보증원,N
103,아산시,2024,사업장,폐기물,폐기물처리업,"108,502","1,056",㈜한국품질보증원,N
104,군포시,2024,사업장,폐기물,폐기물처리업,"42,825",415,㈜한국품질보증원,N
105,구리시,2024,사업장,폐기물,폐기물처리업,"55,002",547,㈜한국품질보증원,N
106,주식회사에너지네트웍,2024,업체,폐기물,폐기물처리업,"168,841",317,(주)한국경영인증원,Y
107,리뉴에너지경인주식회사,2024,사업장,폐기물,폐기물처리업,"51,427",12,(주)한국경영인증원,N
108,주식회사뉴그린,2024,업체,폐기물,폐기물처리업,"104,518",242,(주)한국경영인증원,Y
109,주식회사명성환경,2024,사업장,폐기물,폐기물처리업,38,116,(주)한국경영인증원,Y
110,거제시,2024,사업장,폐기물,폐기물처리업,"60,696",503,(재)한국품질재단,N
111,통영시,2024,사업장,폐기물,폐기물처리업,"37,643",372,(재)한국품질재단,N
112,(주)이알지서비스,2024,사업장,폐기물,폐기물처리업,"83,417",60,(재)한국화학융합시험연구원,Y
113,(주)에코비트에너지세종,2024,사업장,폐기물,폐기물처리업,"72,084",425,한국표준협회,Y
114,김포시,2024,사업장,폐기물,폐기물처리업,"54,659",606,한국표준협회,N
115,목포시,2024,사업장,폐기물,폐기물처리업,"57,706",377,㈜한국품질보증원,N
116,(주)신승에너지,2024,사업장,폐기물,폐기물처리업,"68,270",322,(재)한국품질재단,Y
117,우진환경개발(주),2024,사업장,폐기물,폐기물처리업,"67,813",771,㈜한국품질보증원,Y
118,경상북도,2024,사업장,폐기물,폐기물처리업,"71,188",426,㈜한국품질보증원,N
119,오씨아이주식회사,2024,업체,산업,기타화학제품제조업,"1,187,244","18,413",㈜디엔브이비즈니스어슈어런스코리아,N
120,효성네오켐주식회사,2024,사업장,산업,기초화학물질제조업,"89,671","1,890",㈜디엔브이비즈니스어슈어런스코리아,N
121,현대스틸파이프주식회사,2024,사업장,산업,1차철강제조업,"38,043",783,로이드인증원㈜,N
122,주식회사GS반월열병합발전,2024,업체,전환,"증기,냉ㆍ온수및공기조절공급업","879,990","10,283",(재)한국품질재단,N
123,주식회사GS구미열병합발전,2024,업체,전환,"증기,냉ㆍ온수및공기조절공급업","1,074,616","12,266",(재)한국품질재단,N
124,리뉴에너지대원주식회사,2024,사업장,폐기물,폐기물처리업,"67,197",378,대일이엔씨기술(주),N
125,주식회사구미그린,2024,사업장,폐기물,폐기물처리업,"56,938",31,한국표준협회,N
126,주식회사그린바이로,2024,사업장,폐기물,폐기물처리업,"75,079",17,한국표준협회,N
127,리뉴에너지그린주식회사,2024,사업장,폐기물,폐기물처리업,"53,590",40,대일이엔씨기술(주),N
128,리뉴에너지새한주식회사,2024,사업장,폐기물,폐기물처리업,"82,836",135,대일이엔씨기술(주),N
129,주식회사농심,2024,업체,산업,기타식품제조업,"189,047","3,810",한국표준협회,N
130,대상주식회사,2024,업체,산업,"곡물가공품,전분및전분제품제조업","430,747","10,111",한국표준협회,N
131,동서식품(주),2024,사업장,산업,기타식품제조업,"119,966","2,618",(재)한국품질재단,N
132,CJ제일제당(주),2024,업체,산업,"곡물가공품,전분및전분제품제조업","421,213","9,719",(재)한국화학융합시험연구원,N
133,주식회사삼양사,2024,업체,산업,"곡물가공품,전분및전분제품제조업","264,263","6,250",한국표준협회,N
134,남양유업(주),2024,사업장,산업,낙농제품및식용빙과류제조업,"80,101","1,868",로이드인증원㈜,N
135,대한제당주식회사,2024,사업장,산업,기타식품제조업,"63,721","1,275",㈜한국품질보증원,N
136,롯데웰푸드(주),2024,업체,산업,기타식품제조업,"206,189","4,296",(주)한국경영인증원,N
137,주식회사에스피씨삼립,2024,사업장,산업,기타식품제조업,"97,440","2,021",(주)비에스아이그룹코리아,N
138,(주)하림,2024,사업장,산업,"도축,육류가공및저장처리업","102,619","2,521",(재)한국품질재단,N
140,롯데네슬레코리아(주),2024,사업장,산업,기타식품제조업,"29,848",618,(재)한국품질재단,N
139,(주)MSC,2024,사업장,산업,기타식품제조업,"29,704",598,(주)한국경영인증원,N
141,주식회사진로발효,2024,사업장,산업,알코올음료제조업,"30,278",734,(재)한국품질재단,N
142,롯데칠성음료주식회사,2024,업체,산업,비알코올음료및얼음제조업,"155,782","2,970",(주)한국경영인증원,N
143,삼양식품(주),2024,사업장,산업,기타식품제조업,"72,404","1,501",(주)비에스아이그룹코리아,N
144,유한회사사조씨피케이,2024,업체,산업,"곡물가공품,전분및전분제품제조업","135,361","2,433",(재)한국품질재단,N
145,오뚜기라면주식회사,2024,업체,산업,기타식품제조업,"47,742",960,(주)비에스아이그룹코리아,N
146,하이트진로(주),2024,업체,산업,알코올음료제조업,"110,066","2,177",(재)한국품질재단,N
147,매일유업(주),2024,사업장,산업,낙농제품및식용빙과류제조업,"110,178","2,202",(주)한국경영인증원,N
148,오비맥주(주),2024,사업장,산업,알코올음료제조업,"90,773","1,921",(주)한국경영인증원,N
149,(주)케이티앤지,2024,사업장,산업,담배제조업,"104,110","2,129",(재)한국품질재단,N
150,에스와이에너지주식회사,2024,사업장,산업,나무제품제조업,"26,030",800,(재)한국품질재단,Y
151,(주)오뚜기,2024,사업장,산업,기타식품제조업,"93,135","1,882",한국표준협회,N
152,에스피엘(주),2024,사업장,산업,기타식품제조업,"28,691",646,(주)비에스아이그룹코리아,N
153,(주)참프레,2024,사업장,산업,"도축,육류가공및저장처리업","42,987",861,한국표준협회,Y
154,(주)오리온,2024,사업장,산업,기타식품제조업,"74,067","1,500",로이드인증원㈜,N
155,제주특별자치도개발공사,2024,사업장,산업,비알코올음료및얼음제조업,"32,721",666,한국표준협회,N
156,효성화학주식회사,2024,업체,산업,기초화학물질제조업,"675,406","14,554",㈜디엔브이비즈니스어슈어런스코리아,N
157,주식회사유니드비티플러스,2024,업체,산업,나무제품제조업,"54,199","2,218",로이드인증원㈜,N
158,주식회사덕양에너젠,2024,업체,산업,기초화학물질제조업,"32,041",664,지속가능인증원주식회사,Y
159,주식회사케이씨씨실리콘,2024,업체,산업,기초화학물질제조업,"108,896","1,765",(재)한국품질재단,N
160,(주)화승케미칼,2024,사업장,산업,플라스틱제품제조업,"25,483",523,(주)한국경영인증원,N
161,디엘에프엔씨주식회사,2024,사업장,산업,플라스틱제품제조업,"22,822",473,한국가스안전공사,N
162,에스케이마이크로웍스주식회사,2024,업체,산업,플라스틱제품제조업,"154,240","3,165",한국표준협회,N
163,에스지씨솔루션주식회사,2024,업체,산업,유리및유리제품제조업,"161,621","2,647",(재)한국품질재단,N
164,와이케이스틸(주),2024,업체,산업,1차철강제조업,"214,963","3,861",한국표준협회,N
165,동국제강주식회사,2024,업체,산업,1차철강제조업,"1,297,673","22,389",(재)한국품질재단,N
166,에스케이아이이테크놀로지주식회사,2024,사업장,산업,일차전지및축전지제조업,"75,145","1,541",한국표준협회,N
167,효성중공업주식회사,2024,사업장,산업,"전동기,발전기및전기변환ㆍ공급ㆍ제어장치제조업","52,593","1,100",㈜디엔브이비즈니스어슈어런스코리아,N
168,에이치디현대일렉트릭(주),2024,사업장,산업,"전동기,발전기및전기변환ㆍ공급ㆍ제어장치제조업","38,225",787,㈜디엔브이비즈니스어슈어런스코리아,N
169,핸즈식스주식회사,2024,사업장,산업,자동차신품부품제조업,"67,612","1,384",(주)한국경영인증원,N
170,유니투스주식회사,2024,업체,산업,자동차신품부품제조업,"68,712","1,428",(재)한국품질재단,N
171,대한석탄공사,2024,업체,산업,석탄광업,"61,027",560,한국생산성본부인증원(주),N
172,주식회사태영이엠씨,2024,업체,산업,"시멘트,석회,플라스터및그외제품제조업","148,256",774,한국표준협회,Y
173,(주)경동,2024,업체,산업,석탄광업,"204,871",383,(재)한국품질재단,N
174,주식회사삼보광업,2024,업체,산업,"시멘트,석회,플라스터및그외제품제조업","166,725",382,한국생산성본부인증원(주),Y
175,대성지엠텍(주),2024,업체,산업,"시멘트,석회,플라스터및그외제품제조업","112,249",294,(주)한국경영인증원,Y
176,삼표자원개발주식회사,2024,사업장,산업,토사석광업,"29,506",524,(재)한국품질재단,N
177,대한방직(주),2024,사업장,산업,"섬유제품염색,정리및마무리가공업","28,193",443,한국표준협회,N
178,대한화섬(주),2024,사업장,산업,화학섬유제조업,"47,098","1,033",한국표준협회,N
179,도레이첨단소재주식회사,2024,업체,산업,합성고무및플라스틱물질제조업,"602,557","12,143",(주)비에스아이그룹코리아,N
180,성안합섬(주),2024,사업장,산업,화학섬유제조업,92,1,(주)한국경영인증원,N
181,일신방직(주),2024,사업장,산업,방적및가공사제조업,"50,727","1,062",로이드인증원㈜,N
182,태광산업주식회사,2024,업체,산업,기초화학물질제조업,"895,831","12,938",한국표준협회,N
183,티케이케미칼,2024,업체,산업,화학섬유제조업,"61,590","1,236",(주)한국경영인증원,N
184,휴비스,2024,업체,산업,화학섬유제조업,"398,301","5,847",한국표준협회,N
185,(주)영신물산,2024,사업장,산업,"섬유제품염색,정리및마무리가공업","29,421",198,한국표준협회,Y
186,이스트만화이버코리아주식회사,2024,사업장,산업,화학섬유제조업,"42,245",716,(주)한국경영인증원,N
187,에이치에스효성첨단소재(주),2024,업체,산업,화학섬유제조업,"186,927","4,155",㈜디엔브이비즈니스어슈어런스코리아,N
188,효성티앤씨주식회사,2024,업체,산업,화학섬유제조업,"244,092","5,439",㈜디엔브이비즈니스어슈어런스코리아,N
189,경산제지주식회사,2024,사업장,산업,"펄프,종이및판지제조업","107,106",909,한국표준협회,N
190,주식회사고려제지,2024,업체,산업,"펄프,종이및판지제조업","149,257","3,750",(주)한국경영인증원,N
191,(주)대림제지,2024,사업장,산업,"펄프,종이및판지제조업","109,561","1,675",(재)한국품질재단,Y
192,대양제지공업(주),2024,업체,산업,"펄프,종이및판지제조업","72,126",845,한국표준협회,N
193,대한제지주식회사,2024,업체,산업,"펄프,종이및판지제조업","201,421","2,392",한국표준협회,N
194,깨끗한나라주식회사,2024,업체,산업,"펄프,종이및판지제조업","332,386","4,353",(재)한국품질재단,N
195,한솔페이퍼텍주식회사,2024,사업장,산업,"펄프,종이및판지제조업","125,098","1,135",(주)한국경영인증원,Y
196,동원페이퍼(주),2024,사업장,산업,"펄프,종이및판지제조업","105,488","1,508",㈜한국품질보증원,Y
197,(주)모나리자,2024,사업장,산업,"펄프,종이및판지제조업","41,925",782,(주)한국경영인증원,Y
198,무림에스피(주),2024,사업장,산업,"펄프,종이및판지제조업","47,064",951,한국표준협회,N
199,무림페이퍼(주),2024,업체,산업,"펄프,종이및판지제조업","179,950","3,524",한국표준협회,N
200,무림피앤피(주),2024,업체,산업,"펄프,종이및판지제조업","252,175","13,868",한국표준협회,N
201,(주)미래페이퍼,2024,사업장,산업,"펄프,종이및판지제조업","66,492","1,039",한국표준협회,N
202,삼정펄프(주),2024,업체,산업,"펄프,종이및판지제조업","143,169","1,914",(주)비에스아이그룹코리아,N
203,삼화제지(주),2024,업체,산업,"펄프,종이및판지제조업","28,988",625,한국표준협회,Y
204,(주)SUN&L,2024,사업장,산업,나무제품제조업,"9,998",272,한국표준협회,N
205,성창보드(주),2024,사업장,산업,나무제품제조업,"30,386",619,㈜한국품질보증원,Y
206,한국제지주식회사,2024,업체,산업,"펄프,종이및판지제조업","311,690","6,434",(재)한국품질재단,N
207,신대양제지(주),2024,업체,산업,"펄프,종이및판지제조업","241,875","2,988",한국표준협회,N
208,신대일페이퍼주식회사,2024,사업장,산업,"펄프,종이및판지제조업","85,611",904,(주)한국경영인증원,Y
209,신창제지공업주식회사,2024,사업장,산업,"펄프,종이및판지제조업","23,065",556,한국표준협회,Y
210,(주)쌍용씨앤비,2024,사업장,산업,"펄프,종이및판지제조업","66,006","1,261",(주)한국경영인증원,N
211,아세아제지(주),2024,업체,산업,"펄프,종이및판지제조업","466,661","4,340",한국표준협회,N
212,(주)아진피앤피,2024,사업장,산업,"펄프,종이및판지제조업","138,991","3,289",지속가능인증원주식회사,Y
213,영풍제지(주),2024,사업장,산업,"펄프,종이및판지제조업","91,679","1,330",한국표준협회,Y
214,유한킴벌리주식회사,2024,업체,산업,"펄프,종이및판지제조업","199,589","4,001",(재)한국품질재단,N
215,주식회사전주원파워,2024,사업장,전환,전기업,"42,794","6,028",한국표준협회,N
216,진영페이퍼주식회사,2024,사업장,산업,"펄프,종이및판지제조업","90,152",875,(주)한국경영인증원,Y
217,천일제지(주),2024,사업장,산업,"펄프,종이및판지제조업","61,416","1,000",(주)한국경영인증원,Y
218,페이퍼코리아,2024,사업장,산업,"펄프,종이및판지제조업","88,730","1,530",한국표준협회,N
219,(주)포레스코,2024,사업장,산업,나무제품제조업,"32,212",771,한국표준협회,Y
220,한국수출포장공업(주),2024,업체,산업,"펄프,종이및판지제조업","127,017","1,893",㈜디엔브이비즈니스어슈어런스코리아,N
221,주식회사한국알스트롬,2024,사업장,산업,"펄프,종이및판지제조업","46,832",616,(재)한국품질재단,N
222,한솔제지,2024,업체,산업,"펄프,종이및판지제조업","923,577","16,584",(주)한국경영인증원,N
223,(주)한솔홈데코,2024,사업장,산업,나무제품제조업,"63,294","1,805",(주)한국경영인증원,N
224,(주)한창제지,2024,업체,산업,"펄프,종이및판지제조업","193,116","2,443",한국표준협회,N
225,홍원제지(주),2024,사업장,산업,"펄프,종이및판지제조업","92,212","1,289",한국표준협회,Y
226,동화기업(주),2024,사업장,산업,나무제품제조업,"138,621","2,701",한국표준협회,N
227,태림페이퍼주식회사,2024,업체,산업,"펄프,종이및판지제조업","385,762","5,762",㈜한국품질보증원,N
228,국일제지(주),2024,사업장,산업,"펄프,종이및판지제조업","31,922",715,(주)한국경영인증원,N
229,송학제지(주),2024,사업장,산업,"펄프,종이및판지제조업",50,0,(주)한국경영인증원,Y
230,에이치디현대오일뱅크,2024,업체,산업,석유정제품제조업,"6,428,458","80,871",(재)한국품질재단,N
231,지에스칼텍스주식회사,2024,업체,산업,석유정제품제조업,"8,645,917","120,175",(재)한국품질재단,N
232,에스케이에너지주식회사,2024,업체,산업,석유정제품제조업,"7,146,701","75,420",한국표준협회,N
233,S-Oil(주),2024,업체,산업,석유정제품제조업,"9,632,037","127,580",한국표준협회,N
234,에스케이엔무브주식회사,2024,업체,산업,석유정제품제조업,"169,022","5,954",한국표준협회,N
235,SK인천석유화학(주),2024,업체,산업,석유정제품제조업,"1,538,765","45,185",한국표준협회,N
236,에이치디현대케미칼주식회사,2024,업체,산업,기초화학물질제조업,"2,719,270","50,104",(재)한국품질재단,N
237,에스케이씨주식회사,2024,업체,산업,플라스틱제품제조업,"1,437",28,한국표준협회,N
238,케이씨씨,2024,업체,산업,"시멘트,석회,플라스터및그외제품제조업","611,594","11,504",(재)한국품질재단,N
239,금호타이어(주),2024,업체,산업,고무제품제조업,"260,704","5,367",지속가능인증원주식회사,N
240,금호폴리켐주식회사,2024,업체,산업,합성고무및플라스틱물질제조업,"328,101","5,566",(재)한국품질재단,N
241,금호피앤비화학주식회사,2024,업체,산업,기초화학물질제조업,"803,074","10,921",로이드인증원㈜,N
242,남해화학(주),2024,사업장,산업,"비료,농약및살균ㆍ살충제제조업","65,183",966,대일이엔씨기술(주),N
243,넥센타이어(주),2024,업체,산업,고무제품제조업,"221,463","4,450",(주)한국경영인증원,N
244,디엘주식회사,2024,업체,산업,합성고무및플라스틱물질제조업,39,0,한국가스안전공사,N
245,디아이지에어가스주식회사,2024,업체,산업,기초화학물질제조업,"844,157","17,592",㈜한국품질보증원,N
246,대한유화주식회사,2024,업체,산업,기초화학물질제조업,"1,697,905","34,203",한국가스안전공사,N
247,주식회사팜한농,2024,업체,산업,"비료,농약및살균ㆍ살충제제조업","60,012","1,027",한국표준협회,N
248,동서석유화학주식회사,2024,업체,산업,기초화학물질제조업,"334,298","1,954",로이드인증원㈜,N
249,동우화인켐주식회사,2024,업체,산업,사진장비및광학기기제조업,"330,980","5,268",(재)한국품질재단,N
250,솔베이실리카코리아(주),2024,사업장,산업,기초화학물질제조업,"35,404",757,대일이엔씨기술(주),N
251,바스프퍼포먼스폴리아마이드코리아주식회사,2024,사업장,산업,기초화학물질제조업,"71,387","1,625",한국표준협회,N
252,주식회사에어퍼스트,2024,업체,산업,기초화학물질제조업,"674,270","13,932",한국가스안전공사,N
253,백광산업주식회사,2024,업체,산업,기초화학물질제조업,"216,598","4,313",한국표준협회,N
254,삼남석유화학주식회사,2024,업체,산업,기초화학물질제조업,"185,782","2,416",한국표준협회,N
255,롯데이네오스화학주식회사,2024,업체,산업,기초화학물질제조업,"250,209","3,473",한국표준협회,N
256,한화임팩트주식회사,2024,업체,산업,기초화학물질제조업,"516,587","8,996",㈜디엔브이비즈니스어슈어런스코리아,N
257,롯데정밀화학주식회사,2024,업체,산업,기초화학물질제조업,"677,663","15,627",로이드인증원㈜,N
258,한화토탈에너지스주식회사,2024,업체,산업,기초화학물질제조업,"4,679,895","106,382",한국가스안전공사,N
259,삼양화성주식회사,2024,사업장,산업,합성고무및플라스틱물질제조업,"80,044","1,854",한국표준협회,N
260,주식회사삼영,2024,사업장,산업,플라스틱제품제조업,"32,488",667,한국표준협회,N
261,코스모신소재(주),2024,사업장,산업,기타화학제품제조업,"62,428","1,164",한국표준협회,N
262,송원산업(주),2024,업체,산업,기타화학제품제조업,"143,654","2,914",한국표준협회,N
263,애경케미칼(주),2024,업체,산업,기초화학물질제조업,"165,838","1,832",(주)한국경영인증원,N
264,오라이온코리아주식회사,2024,업체,산업,기초화학물질제조업,"360,685",542,㈜디엔브이비즈니스어슈어런스코리아,N
265,(유)에스케이씨에보닉페록사이드코리아,2024,사업장,산업,기초화학물질제조업,"36,818",734,(재)한국품질재단,N
266,에스케이마이크로웍스솔루션즈주식회사,2024,사업장,산업,플라스틱제품제조업,"38,406",674,(재)한국품질재단,N
267,에어리퀴드코리아주식회사,2024,업체,산업,기초화학물질제조업,"258,580","3,048",로이드인증원㈜,N
268,주식회사엘엑스하우시스,2024,업체,산업,플라스틱제품제조업,"113,467","2,185",㈜디엔브이비즈니스어슈어런스코리아,N
269,주식회사엘지화학,2024,업체,산업,기초화학물질제조업,"8,351,819","162,547",(재)한국품질재단,N
270,여천엔씨씨주식회사,2024,업체,산업,기초화학물질제조업,"3,803,197","73,679",(재)한국품질재단,N
271,용산케미칼주식회사,2024,사업장,산업,기초화학물질제조업,"113,456",959,한국가스안전공사,N
272,주식회사유니드,2024,업체,산업,기초화학물질제조업,"300,606","7,483",로이드인증원㈜,N
273,(주)이수화학,2024,업체,산업,기초화학물질제조업,"277,942","5,002",한국표준협회,N
274,(주)제이엠씨,2024,사업장,산업,기초화학물질제조업,"33,421",737,(주)한국경영인증원,N
275,(주)종근당바이오,2024,사업장,산업,기초의약물질및생물학적제제제조업,"92,309","1,938",(주)한국경영인증원,N
276,(주)한솔케미칼,2024,사업장,산업,기초화학물질제조업,"133,544","2,814",대일이엔씨기술(주),N
277,주식회사카프로,2024,업체,산업,기초화학물질제조업,"12,244",237,(재)한국품질재단,N
278,케이씨주식회사,2024,업체,산업,기초화학물질제조업,"181,558","2,521",한국표준협회,N
279,케이오씨(주),2024,사업장,산업,기초화학물질제조업,"35,161",842,(주)한국경영인증원,N
280,코리아PTG(주),2024,사업장,산업,기초화학물질제조업,"103,089",900,(재)한국품질재단,N
281,코스모화학,2024,사업장,산업,기초화학물질제조업,"94,980","1,721",한국표준협회,N
282,코오롱인더스트리주식회사,2024,업체,산업,합성고무및플라스틱물질제조업,"554,983","10,434",한국표준협회,N
283,코오롱이앤피(주),2024,업체,산업,합성고무및플라스틱물질제조업,"131,361","2,126",한국표준협회,N
284,비를라카본코리아(주),2024,업체,산업,기초화학물질제조업,"124,148",488,㈜디엔브이비즈니스어슈어런스코리아,N
285,태경산업(주),2024,업체,산업,1차철강제조업,"99,941","1,418",(주)한국경영인증원,N
286,폴리미래(주),2024,사업장,산업,합성고무및플라스틱물질제조업,"100,796","1,878",(재)한국화학융합시험연구원,N
287,린데코리아주식회사,2024,업체,산업,기초화학물질제조업,"938,587","18,826",(재)한국품질재단,N
288,(주)필맥스,2024,사업장,산업,플라스틱제품제조업,"20,861",428,㈜한국품질보증원,N
289,한국바스프주식회사,2024,업체,산업,기초화학물질제조업,"679,307","10,144",(재)한국품질재단,N
290,한국알콜산업(주),2024,사업장,산업,기초화학물질제조업,"32,846","1,479",한국생산성본부인증원(주),N
291,한국엔지니어링플라스틱,2024,업체,산업,합성고무및플라스틱물질제조업,"175,429","3,447",한국표준협회,N
292,한국타이어앤테크놀로지(주),2024,업체,산업,고무제품제조업,"396,117","8,176",(재)한국품질재단,N
293,한화솔루션주식회사,2024,업체,산업,기초화학물질제조업,"2,501,207","48,761",㈜디엔브이비즈니스어슈어런스코리아,N
294,롯데케미칼주식회사,2024,업체,산업,기초화학물질제조업,"5,902,878","112,365",(재)한국품질재단,N
295,주식회사효성,2024,사업장,산업,기타섬유제품제조업,"29,477",605,㈜디엔브이비즈니스어슈어런스코리아,N
296,티케이지휴켐스주식회사,2024,업체,산업,기초화학물질제조업,"108,678","1,530",(재)한국화학융합시험연구원,N
297,LX엠엠에이,2024,업체,산업,기초화학물질제조업,"327,127","2,976",(주)한국경영인증원,N
298,오씨아이홀딩스주식회사,2024,업체,산업,기초화학물질제조업,"1,140",22,㈜디엔브이비즈니스어슈어런스코리아,N
299,에스케이지오센트릭주식회사,2024,업체,산업,기초화학물질제조업,"2,541,554","59,115",한국표준협회,N
300,금호미쓰이화학주식회사,2024,사업장,산업,기초화학물질제조업,"170,330","3,038",(재)한국품질재단,N
301,금호석유화학주식회사,2024,업체,산업,합성고무및플라스틱물질제조업,"3,308,643","41,218",한국표준협회,N
302,주식회사후성,2024,업체,산업,기초화학물질제조업,"218,395",776,한국가스안전공사,N
303,그린케미칼주식회사,2024,사업장,산업,기초화학물질제조업,"56,908","1,292",한국가스안전공사,N
304,한국이네오스스티롤루션주식회사,2024,사업장,산업,합성고무및플라스틱물질제조업,"76,298","1,656",(재)한국품질재단,N
305,(주)한화,2024,업체,산업,기타화학제품제조업,"64,772","1,221",㈜디엔브이비즈니스어슈어런스코리아,N
306,국도화학(주),2024,사업장,산업,합성고무및플라스틱물질제조업,"64,136","2,031",로이드인증원㈜,N
307,셀트리온,2024,사업장,산업,기초의약물질및생물학적제제제조업,"79,174","1,657",(주)한국경영인증원,N
308,율촌화학(주),2024,사업장,산업,플라스틱제품제조업,"81,954","1,512",(주)한국경영인증원,N
309,케이지케미칼주식회사,2024,사업장,산업,"비료,농약및살균ㆍ살충제제조업","37,313",460,(주)한국경영인증원,N
310,녹십자,2024,사업장,산업,의약품제조업,"64,761","1,653",(재)한국품질재단,N
311,삼양이노켐주식회사,2024,사업장,산업,기초화학물질제조업,"99,485","1,777",한국표준협회,N
312,JW생명과학(주),2024,사업장,산업,의약품제조업,"28,248",578,한국표준협회,N
313,(주)현대엘앤씨,2024,사업장,산업,플라스틱제품제조업,"38,430",787,로이드인증원㈜,N
314,(주)오미아코리아,2024,사업장,산업,기초화학물질제조업,"45,800",939,㈜디엔브이비즈니스어슈어런스코리아,N
315,롯데엠시시주식회사,2024,업체,산업,기초화학물질제조업,"285,111","2,779",한국표준협회,N
316,삼성바이오로직스주식회사,2024,사업장,산업,기초의약물질및생물학적제제제조업,"226,519","4,651",대일이엔씨기술(주),N
317,어프로티움주식회사,2024,업체,산업,기초화학물질제조업,"328,313","3,504",(재)한국품질재단,N
318,피아이첨단소재주식회사,2024,사업장,산업,플라스틱제품제조업,"106,164","1,813",(재)한국품질재단,N
319,(주)동신포리마,2024,사업장,산업,플라스틱제품제조업,"37,349",766,(주)한국경영인증원,N
320,(주)서흥,2024,사업장,산업,기타식품제조업,"37,334",769,한국표준협회,N
321,에스엔에프코리아(주),2024,사업장,산업,기타화학제품제조업,"45,645","1,064",(주)한국경영인증원,N
322,재원산업,2024,사업장,산업,기초화학물질제조업,"25,225",666,(재)한국품질재단,N
323,케이알코폴리머유한회사,2024,사업장,산업,합성고무및플라스틱물질제조업,"28,916",387,(주)한국경영인증원,N
324,주식회사동성케미컬,2024,사업장,산업,기초화학물질제조업,"27,046",540,한국생산성본부인증원(주),N
325,주식회사삼양패키징,2024,업체,산업,플라스틱제품제조업,"134,673","2,925",한국표준협회,N
326,에스케이케미칼(주),2024,업체,산업,합성고무및플라스틱물질제조업,"222,379","4,058",(재)한국품질재단,N
327,울산아로마틱스(주),2024,업체,산업,기초화학물질제조업,"430,585","10,023",㈜디엔브이비즈니스어슈어런스코리아,N
328,주식회사코리아에어텍,2024,사업장,산업,기초화학물질제조업,"59,020","1,232",한국가스안전공사,N
329,한국쓰리엠(주),2024,사업장,산업,플라스틱제품제조업,"45,247",930,한국표준협회,N
330,에어프로덕츠코리아주식회사,2024,업체,산업,기초화학물질제조업,"792,284","16,363",로이드인증원㈜,N
331,한미약품(주),2024,사업장,산업,의약품제조업,"71,770","1,430",(주)한국경영인증원,N
332,버슘머트리얼즈피엠코리아,2024,사업장,산업,기초화학물질제조업,"19,678",411,로이드인증원㈜,N
333,주식회사포스코엠씨머티리얼즈,2024,사업장,산업,기초화학물질제조업,"83,843","1,218",(재)한국품질재단,N
334,한국넥슬렌유한회사,2024,업체,산업,합성고무및플라스틱물질제조업,"87,186","1,750",한국표준협회,N
335,에스케이어드밴스드주식회사,2024,업체,산업,기초화학물질제조업,"529,742","10,547",한국표준협회,N
336,스미토모세이카폴리머스코리아(주),2024,사업장,산업,합성고무및플라스틱물질제조업,"34,627","1,508",로이드인증원㈜,N
337,미원스페셜티케미칼(주),2024,사업장,산업,기초화학물질제조업,"73,595","1,432",(주)한국경영인증원,N
338,롯데베르살리스엘라스토머스(주),2024,사업장,산업,합성고무및플라스틱물질제조업,"143,286","2,716",한국표준협회,N
339,코오롱바스프이노폼주식회사,2024,사업장,산업,합성고무및플라스틱물질제조업,"101,273","1,600",한국표준협회,N
340,에스케이스페셜티주식회사,2024,업체,산업,기초화학물질제조업,"261,423","5,418",한국가스안전공사,N
341,울산피피주식회사,2024,사업장,산업,합성고무및플라스틱물질제조업,"49,134","1,389",(주)한국경영인증원,N
342,인프라에어홀딩스주식회사,2024,업체,산업,기초화학물질제조업,"260,445","5,441",한국표준협회,N
343,대동산업주식회사,2024,사업장,산업,"내화,비내화요업제품제조업","19,056",307,(주)한국경영인증원,Y
344,주식회사대한세라믹스,2024,사업장,산업,"내화,비내화요업제품제조업","33,095",603,(주)한국경영인증원,N
345,에스지씨에너지주식회사,2024,업체,산업,유리및유리제품제조업,"1,780,408","46,583",㈜디엔브이비즈니스어슈어런스코리아,N
346,코닝정밀소재주식회사,2024,업체,산업,유리및유리제품제조업,"490,292","9,853",로이드인증원㈜,N
347,아반스트레이트코리아주식회사,2024,사업장,산업,유리및유리제품제조업,0,0,㈜한국품질보증원,N
348,케이씨글라스(주),2024,사업장,산업,유리및유리제품제조업,"42,720",709,(주)신화엔지니어링종합건축사사무소,Y
349,(주)베르상스퍼시픽,2024,사업장,산업,유리및유리제품제조업,"28,013",481,로이드인증원㈜,N
350,주식회사포스코퓨처엠,2024,업체,산업,"시멘트,석회,플라스터및그외제품제조업","2,298,133","18,221",(재)한국품질재단,N
351,한국오웬스코닝(주),2024,사업장,산업,유리및유리제품제조업,"83,641","1,606",대일이엔씨기술(주),N
352,생고뱅이소바코리아주식회사,2024,사업장,산업,유리및유리제품제조업,"38,864",774,(주)한국경영인증원,N
353,(주)삼현,2024,사업장,산업,"내화,비내화요업제품제조업","25,761",445,한국표준협회,Y
354,하이트진로산업(주),2024,사업장,산업,유리및유리제품제조업,"30,886",483,(주)한국경영인증원,N
355,파주전기초자주식회사,2024,사업장,산업,유리및유리제품제조업,"21,948",457,㈜디엔브이비즈니스어슈어런스코리아,N
356,(주)금비,2024,사업장,산업,유리및유리제품제조업,"84,439","1,196",한국표준협회,N
357,대한슬래그주식회사,2024,사업장,산업,기타비금속광물제품제조업,"29,988",543,한국표준협회,N
358,태영세라믹(주),2024,사업장,산업,"내화,비내화요업제품제조업","32,550",540,한국표준협회,Y
359,대한시멘트주식회사,2024,사업장,산업,"시멘트,석회,플라스터및그외제품제조업","55,732","1,014",한국표준협회,N
360,삼표시멘트,2024,업체,산업,"시멘트,석회,플라스터및그외제품제조업","4,998,174","31,018",(재)한국품질재단,N
361,크나우프석고보드주식회사,2024,업체,산업,"시멘트,석회,플라스터및그외제품제조업","110,088","2,190",(재)한국품질재단,N
362,한라시멘트주식회사,2024,업체,산업,"시멘트,석회,플라스터및그외제품제조업","3,725,709","22,393",한국표준협회,N
363,주식회사태경비케이,2024,업체,산업,"시멘트,석회,플라스터및그외제품제조업","611,753","2,537",(주)한국경영인증원,N
364,성신양회(주),2024,업체,산업,"시멘트,석회,플라스터및그외제품제조업","4,072,874","22,556",한국표준협회,N
365,쌍용씨앤이(주),2024,업체,산업,"시멘트,석회,플라스터및그외제품제조업","10,574,492","62,316",한국표준협회,N
366,아세아시멘트주식회사,2024,업체,산업,"시멘트,석회,플라스터및그외제품제조업","2,114,034","13,839",한국표준협회,N
367,(주)우룡,2024,업체,산업,"시멘트,석회,플라스터및그외제품제조업","168,720",753,(재)한국화학융합시험연구원,Y
368,(주)유니온,2024,업체,산업,"시멘트,석회,플라스터및그외제품제조업","142,490","1,164",한국표준협회,N
369,(주)충무화학,2024,업체,산업,"시멘트,석회,플라스터및그외제품제조업","155,600",638,(주)한국경영인증원,Y
370,한국씨엔티(주),2024,사업장,산업,"시멘트,석회,플라스터및그외제품제조업","43,544",854,(주)한국경영인증원,N
371,현대석회(주),2024,사업장,산업,"시멘트,석회,플라스터및그외제품제조업","86,857",245,(주)한국경영인증원,Y
372,한일현대시멘트주식회사,2024,업체,산업,"시멘트,석회,플라스터및그외제품제조업","3,124,044","21,324",한국표준협회,N
373,광진산업(주),2024,사업장,산업,"시멘트,석회,플라스터및그외제품제조업","78,427",198,한국생산성본부인증원(주),Y
374,담우물산(주),2024,사업장,산업,"시멘트,석회,플라스터및그외제품제조업","63,424",204,(주)한국경영인증원,Y
375,(주)신동,2024,사업장,산업,"시멘트,석회,플라스터및그외제품제조업","79,688",285,한국표준협회,Y
376,태봉광업주식회사,2024,업체,산업,"시멘트,석회,플라스터및그외제품제조업","241,973",613,(주)비에스아이그룹코리아,Y
377,(주)강동씨앤엘,2024,업체,산업,"시멘트,석회,플라스터및그외제품제조업","9,576",182,한국표준협회,Y
378,(주)대유코아,2024,사업장,산업,"시멘트,석회,플라스터및그외제품제조업","96,217",738,로이드인증원㈜,Y
379,주식회사정선라임,2024,사업장,산업,"시멘트,석회,플라스터및그외제품제조업","86,578",284,한국표준협회,N
380,성신씨엠주식회사,2024,사업장,산업,"시멘트,석회,플라스터및그외제품제조업","16,848",344,로이드인증원㈜,N
381,고려기초소재,2024,사업장,산업,기타비금속광물제품제조업,"20,080",352,한국표준협회,Y
382,(주)삼표산업,2024,업체,산업,"시멘트,석회,플라스터및그외제품제조업","89,261","1,572",(재)한국품질재단,N
383,대성엠디아이(주),2024,사업장,산업,"시멘트,석회,플라스터및그외제품제조업","164,740",823,(주)한국경영인증원,Y
384,고려제강(주),2024,사업장,산업,1차철강제조업,"90,621","1,858",한국생산성본부인증원(주),N
385,대한제강(주),2024,업체,산업,1차철강제조업,"298,667","5,421",한국표준협회,N
386,동국산업(주),2024,사업장,산업,1차철강제조업,"41,354",841,한국표준협회,N
387,동국홀딩스주식회사,2024,업체,건물,부동산임대및공급업,762,15,(재)한국품질재단,N
388,케이지스틸주식회사,2024,업체,산업,1차철강제조업,"404,489","8,640",(재)한국품질재단,N
389,동일산업주식회사,2024,업체,산업,1차철강제조업,"231,725","2,824",한국표준협회,N
390,현대비앤지스틸(주),2024,사업장,산업,1차철강제조업,"72,957","1,496",㈜디엔브이비즈니스어슈어런스코리아,N
391,주식회사세아베스틸지주,2024,업체,산업,1차철강제조업,485,9,한국표준협회,N
392,영화금속(주),2024,사업장,산업,금속주조업,"87,847","1,291",(재)한국품질재단,N
393,주식회사디비메탈,2024,업체,산업,1차철강제조업,"180,424","2,130",(재)한국품질재단,N
394,주식회사에스엔엔씨,2024,업체,산업,1차비철금속제조업,"1,293,791","15,686",(재)한국품질재단,N
395,(주)코스틸,2024,사업장,산업,1차철강제조업,"10,611",213,(주)한국경영인증원,N
396,포스코홀딩스주식회사,2024,업체,산업,1차철강제조업,"10,745",223,(재)한국품질재단,N
397,포스코스틸리온(주),2024,사업장,산업,1차철강제조업,"120,953","2,369",한국표준협회,N
398,주식회사세아창원특수강,2024,업체,산업,1차철강제조업,"436,291","7,918",한국표준협회,N
399,한국제강주식회사,2024,업체,산업,1차철강제조업,"223,686","4,126",한국표준협회,N
400,한국주철관공업(주),2024,사업장,산업,1차철강제조업,"57,389",765,한국표준협회,N
401,한국철강,2024,업체,산업,1차철강제조업,"305,515","5,516",(주)한국경영인증원,N
402,(주)한국특강,2024,업체,산업,1차철강제조업,"349,281","6,240",(주)한국경영인증원,N
403,한황산업주식회사,2024,사업장,산업,자동차신품부품제조업,"40,082",747,㈜한국품질보증원,Y
404,현대제철주식회사,2024,업체,산업,1차철강제조업,"28,817,883","159,666",로이드인증원㈜,N
405,홍덕산업(주),2024,사업장,산업,1차철강제조업,"61,488","1,376",한국생산성본부인증원(주),N
406,환영철강공업,2024,업체,산업,1차철강제조업,"223,712","4,077",㈜한국품질보증원,N
407,주식회사휴스틸,2024,사업장,산업,1차철강제조업,"30,450",625,(주)신화엔지니어링종합건축사사무소,N
408,(주)티씨씨스틸,2024,사업장,산업,1차철강제조업,"32,724",676,(주)한국경영인증원,N
409,주식회사케이피에프,2024,사업장,산업,기타금속가공제품제조업,"43,892",908,(주)한국경영인증원,N
410,(주)세아특수강,2024,사업장,산업,1차철강제조업,"54,540","1,104",한국표준협회,N
411,대동금속(주),2024,사업장,산업,금속주조업,"31,710",609,(재)한국화학융합시험연구원,N
412,현대종합특수강주식회사,2024,사업장,산업,1차철강제조업,"46,692",942,한국표준협회,N
413,디케이동신(주),2024,사업장,산업,1차철강제조업,"27,447",509,한국표준협회,N
414,만호제강(주),2024,사업장,산업,1차철강제조업,"34,404",703,한국표준협회,N
415,진양특수강(주),2024,사업장,산업,1차철강제조업,"28,105",562,한국표준협회,N
416,고려강선(주),2024,사업장,산업,1차철강제조업,"57,778","1,212",한국생산성본부인증원(주),N
417,(주)태상,2024,사업장,산업,기타금속가공제품제조업,"57,201","1,113",(주)한국경영인증원,Y
418,일진제강(주),2024,사업장,산업,1차철강제조업,"53,130","1,074",한국표준협회,N
419,(주)세아씨엠,2024,사업장,산업,1차철강제조업,"80,019","1,520",한국표준협회,N
420,브이피에이치메탈유한회사,2024,사업장,산업,자동차신품부품제조업,"30,954",574,㈜한국품질보증원,Y
421,(주)풍정주공,2024,사업장,산업,금속주조업,"30,214",558,(주)한국경영인증원,Y
422,주식회사심팩인더스트리,2024,업체,산업,1차철강제조업,673,13,(재)한국품질재단,N
423,(주)SIMPAC,2024,업체,산업,1차철강제조업,"99,791","1,164",한국표준협회,N
424,주식회사포스코,2024,업체,산업,1차철강제조업,"71,065,143","377,245",(재)한국품질재단,N
425,동국씨엠주식회사,2024,업체,산업,1차철강제조업,"287,890","6,268",(재)한국품질재단,N
426,주식회사세아베스틸,2024,업체,산업,1차철강제조업,"1,155,808","18,419",한국표준협회,N
427,고려아연주식회사,2024,업체,산업,1차비철금속제조업,"3,199,180","44,425",㈜디엔브이비즈니스어슈어런스코리아,N
428,노벨리스코리아주식회사,2024,업체,산업,1차비철금속제조업,"294,783","5,979",(주)한국경영인증원,N
429,능원금속공업주식회사,2024,사업장,산업,1차비철금속제조업,"23,499",484,(주)한국경영인증원,N
430,대원알텍주식회사,2024,사업장,산업,자동차신품부품제조업,"36,825",753,(재)한국품질재단,Y
431,주식회사대창,2024,사업장,산업,1차비철금속제조업,"30,155",619,한국가스안전공사,N
432,주식회사대호에이엘,2024,사업장,산업,1차비철금속제조업,"26,366",530,(주)한국경영인증원,Y
433,삼보산업주식회사,2024,사업장,산업,1차비철금속제조업,"34,132",524,한국표준협회,N
434,성훈엔지니어링주식회사,2024,사업장,산업,1차비철금속제조업,"39,339",785,한국가스안전공사,Y
435,엘에스엠앤엠주식회사,2024,업체,산업,1차비철금속제조업,"493,516","8,510",한국표준협회,N
436,주식회사영풍,2024,업체,산업,1차비철금속제조업,"766,796","13,576",(재)한국품질재단,N
437,롯데에너지머티리얼즈(주),2024,사업장,산업,전자부품제조업,"98,944","2,154",㈜디엔브이비즈니스어슈어런스코리아,N
438,조일알미늄주식회사,2024,사업장,산업,1차비철금속제조업,"84,268","1,706",(재)한국품질재단,N
439,주식회사풍산,2024,업체,산업,1차비철금속제조업,"240,625","4,949",한국표준협회,N
440,주식회사세진메탈,2024,사업장,산업,1차비철금속제조업,"33,018",533,(주)한국경영인증원,N
441,하이호경금속주식회사,2024,사업장,산업,1차비철금속제조업,"30,048",495,㈜한국품질보증원,N
442,주식회사알테크노메탈,2024,사업장,산업,금속주조업,"32,283",554,(주)한국경영인증원,N
443,주식회사지알엠,2024,사업장,산업,1차비철금속제조업,"79,123",964,한국표준협회,N
444,이구산업(주),2024,사업장,산업,1차비철금속제조업,"36,264",748,한국생산성본부인증원(주),N
445,(주)성호금속경주2공장,2024,사업장,산업,금속주조업,"28,588",515,(주)한국경영인증원,N
446,주식회사하이호휠,2024,사업장,산업,자동차신품부품제조업,"22,577",458,지속가능인증원주식회사,N
447,울산알루미늄주식회사,2024,업체,산업,1차비철금속제조업,"157,457","3,196",(주)한국경영인증원,N
448,주식회사포스코인터내셔널,2024,업체,전환,전기업,"4,831,068","96,003",(재)한국품질재단,N
449,(주)동남,2024,사업장,산업,1차비철금속제조업,"53,758",839,한국표준협회,N
450,주식회사디에스단석,2024,사업장,산업,1차비철금속제조업,"86,023","1,601",한국표준협회,N
451,파인트리포스마그네슘주식회사,2024,사업장,산업,금속주조업,"35,507",70,(재)한국품질재단,Y
452,삼목에스폼(주),2024,업체,산업,1차비철금속제조업,"32,565",598,한국표준협회,Y
453,남양금속주식회사,2024,사업장,산업,"구조용금속제품,탱크및증기발생기제조업","97,314","1,811",(재)한국화학융합시험연구원,N
454,대구텍유한책임회사,2024,사업장,산업,1차비철금속제조업,*****,*****,한국표준협회,N
455,대한전선주식회사,2024,사업장,산업,절연선및케이블제조업,"48,101",970,(주)한국경영인증원,N
456,한화엔진주식회사,2024,사업장,산업,일반목적용기계제조업,"42,358",762,㈜디엔브이비즈니스어슈어런스코리아,N
457,에이치디현대인프라코어(주),2024,사업장,산업,특수목적용기계제조업,"87,657","1,702",(주)한국경영인증원,N
458,두산에너빌리티(주),2024,업체,산업,1차철강제조업,"235,252","4,500",(재)한국품질재단,N
459,(주)벽산,2024,사업장,산업,유리및유리제품제조업,"118,254","2,182",한국표준협회,N
460,한화에어로스페이스주식회사,2024,사업장,산업,무기및총포탄제조업,"114,383","2,236",㈜디엔브이비즈니스어슈어런스코리아,N
461,에이지씨화인테크노한국주식회사,2024,업체,산업,유리및유리제품제조업,"200,216","4,022",㈜디엔브이비즈니스어슈어런스코리아,N
462,(주)태웅,2024,업체,산업,1차철강제조업,"162,294","2,950",(재)한국품질재단,N
463,한일제관(주),2024,사업장,산업,기타금속가공제품제조업,"57,100","1,156",(주)한국경영인증원,N
464,엘에스전선주식회사,2024,업체,산업,절연선및케이블제조업,"99,356","2,017",㈜한국품질보증원,N
465,(주)태평양금속,2024,사업장,산업,"내화,비내화요업제품제조업","37,112",754,(주)한국경영인증원,N
466,한국항공우주산업(주),2024,사업장,산업,"항공기,우주선및부품제조업","67,159","1,395",(주)신화엔지니어링종합건축사사무소,N
467,두원중공업(주),2024,사업장,산업,일반목적용기계제조업,"23,166",498,(주)신화엔지니어링종합건축사사무소,N
468,서한이앤피주식회사,2024,사업장,산업,기타금속가공제품제조업,"57,373","1,141",(주)한국경영인증원,N
469,셰플러코리아유한책임회사,2024,사업장,산업,일반목적용기계제조업,"71,392","1,483",로이드인증원㈜,N
470,삼흥열처리,2024,사업장,산업,기타금속가공제품제조업,"30,191",622,(주)한국경영인증원,Y
471,세메스(주),2024,사업장,산업,특수목적용기계제조업,"41,805",728,한국표준협회,N
472,현대아이에프씨주식회사,2024,업체,산업,1차철강제조업,"230,030","4,250",로이드인증원㈜,Y
473,주식회사디비하이텍,2024,업체,산업,반도체제조업,"278,302","4,069",(주)비에스아이그룹코리아,N
474,매그나칩반도체(유),2024,업체,산업,반도체제조업,"82,292","1,395",(주)비에스아이그룹코리아,N
475,삼성디스플레이주식회사,2024,업체,산업,전자부품제조업,"4,000,544","61,025",(재)한국품질재단,N
476,삼성전기주식회사,2024,업체,산업,전자부품제조업,"456,652","9,785",(주)비에스아이그룹코리아,N
477,삼성전자주식회사,2024,업체,산업,반도체제조업,"13,594,735","258,102",(재)한국품질재단,N
478,삼성에스디아이주식회사,2024,업체,산업,일차전지및축전지제조업,"572,209","11,821",한국표준협회,N
479,유한회사스태츠칩팩코리아,2024,사업장,산업,반도체제조업,"76,436","1,572",(주)신화엔지니어링종합건축사사무소,N
480,스템코(주),2024,사업장,산업,반도체제조업,"48,982","1,046",(주)한국경영인증원,N
481,시그네틱스(주),2024,사업장,산업,반도체제조업,"34,225",710,(주)한국경영인증원,N
482,엠코테크놀로지코리아(주),2024,업체,산업,반도체제조업,"369,182","7,424",(주)비에스아이그룹코리아,N
483,에이에스이코리아주식회사,2024,사업장,산업,반도체제조업,"103,083","2,134",㈜디엔브이비즈니스어슈어런스코리아,N
484,엘지디스플레이(주),2024,업체,산업,전자부품제조업,"3,671,012","53,595",㈜디엔브이비즈니스어슈어런스코리아,N
485,엘지이노텍주식회사,2024,업체,산업,전자부품제조업,"426,341","8,866",(주)비에스아이그룹코리아,N
486,엠이엠씨코리아주식회사,2024,사업장,산업,반도체제조업,"115,124","2,429",(주)신화엔지니어링종합건축사사무소,N
487,(주)이수페타시스,2024,사업장,산업,전자부품제조업,"49,020",951,(주)한국경영인증원,N
488,에스케이실트론주식회사,2024,업체,산업,반도체제조업,"410,642","8,627",로이드인증원㈜,N
489,(주)케이이씨,2024,사업장,산업,반도체제조업,"35,594",649,㈜디엔브이비즈니스어슈어런스코리아,N
490,(주)코리아써키트,2024,사업장,산업,전자부품제조업,"127,197","2,579",(주)비에스아이그룹코리아,N
491,온세미컨덕터코리아(주),2024,업체,산업,반도체제조업,"193,260","3,200",(주)비에스아이그룹코리아,N
492,에스케이하이닉스주식회사,2024,업체,산업,반도체제조업,"4,848,541","94,904",(주)비에스아이그룹코리아,N
493,한국경남태양유전(주),2024,사업장,산업,전자부품제조업,"91,403","1,799",(주)한국경영인증원,N
494,엘지전자주식회사,2024,업체,산업,반도체제조업,"257,475","5,476",㈜디엔브이비즈니스어슈어런스코리아,N
495,(주)디에이피,2024,사업장,산업,전자부품제조업,"77,814","1,614",(주)한국경영인증원,N
496,삼영전자공업(주),2024,업체,산업,기타금속가공제품제조업,"29,094",669,(주)한국경영인증원,N
497,서울바이오시스(주),2024,사업장,산업,반도체제조업,"61,646","1,276",로이드인증원㈜,N
498,스테코(주),2024,사업장,산업,전자부품제조업,"42,075",876,한국표준협회,N
499,하나마이크론,2024,사업장,산업,반도체제조업,"36,237",755,(주)한국경영인증원,N
500,주식회사에스에프에이반도체,2024,사업장,산업,반도체제조업,"30,280",607,(주)신화엔지니어링종합건축사사무소,N
501,(주)인터플렉스,2024,사업장,산업,전자부품제조업,"36,807",769,로이드인증원㈜,N
502,세방전지(주),2024,업체,산업,일차전지및축전지제조업,"147,941","3,059",(주)한국경영인증원,N
503,한국유미코아배터리머티리얼즈유한책임회사,2024,사업장,산업,일차전지및축전지제조업,"72,926","1,501",(재)한국품질재단,Y
504,솔브레인에스엘디주식회사,2024,사업장,산업,전자부품제조업,"30,391",580,한국표준협회,N
505,해성디에스주식회사,2024,사업장,산업,반도체제조업,"66,233","1,450",(주)비에스아이그룹코리아,N
506,삼성에스디에스(주),2024,사업장,산업,"컴퓨터프로그래밍,시스템통합및관리업","173,674","3,626",(주)한국경영인증원,N
507,SK이노베이션(주),2024,업체,산업,일차전지및축전지제조업,"2,364,006","47,051",한국표준협회,N
508,영풍전자(주),2024,사업장,산업,전자부품제조업,"38,638",775,(주)한국경영인증원,N
509,도레이배터리세퍼레이터필름한국유한회사,2024,사업장,산업,일차전지및축전지제조업,"101,441","2,071",㈜한국품질보증원,N
510,엘앤에프,2024,사업장,산업,전자부품제조업,"138,295","2,847",(재)한국품질재단,N
511,주식회사심텍,2024,사업장,산업,전자부품제조업,"106,014","2,308",㈜디엔브이비즈니스어슈어런스코리아,N
512,현대성우쏠라이트주식회사,2024,사업장,산업,일차전지및축전지제조업,"40,368",834,로이드인증원㈜,N
513,(주)삼동,2024,사업장,산업,절연선및케이블제조업,"46,241",957,한국표준협회,N
514,일진디스플레이(주),2024,사업장,산업,전자부품제조업,"15,664",327,한국표준협회,N
515,한국니토옵티칼(주),2024,사업장,산업,플라스틱제품제조업,"35,250",663,㈜디엔브이비즈니스어슈어런스코리아,N
516,LB세미콘(주),2024,사업장,산업,반도체제조업,"48,250","1,003",한국표준협회,N
517,에스케이키파운드리주식회사,2024,업체,산업,반도체제조업,"290,381","3,649",(주)비에스아이그룹코리아,N
518,(주)이녹스첨단소재,2024,사업장,산업,전자부품제조업,"30,420",557,㈜디엔브이비즈니스어슈어런스코리아,N
519,(주)티씨케이,2024,사업장,산업,기타비금속광물제품제조업,"34,496",713,(재)한국품질재단,N
520,대덕전자주식회사,2024,사업장,산업,전자부품제조업,"136,647","2,851",한국표준협회,N
521,한국앤컴퍼니주식회사,2024,업체,산업,일차전지및축전지제조업,"83,256","1,725",(재)한국화학융합시험연구원,N
522,기아(주),2024,업체,산업,자동차용엔진및자동차제조업,"709,750","14,558",로이드인증원㈜,N
523,현대트랜시스주식회사,2024,업체,산업,자동차신품부품제조업,"190,651","3,950",㈜디엔브이비즈니스어슈어런스코리아,N
524,대원강업(주),2024,사업장,산업,자동차신품부품제조업,"48,056",975,로이드인증원㈜,N
525,핸즈코퍼레이션주식회사,2024,사업장,산업,자동차신품부품제조업,"59,826","1,218",(재)한국품질재단,N
526,동희오토(주),2024,사업장,산업,자동차용엔진및자동차제조업,"40,971",827,(주)한국경영인증원,N
527,르노코리아주식회사,2024,사업장,산업,자동차용엔진및자동차제조업,"65,292","1,370",(주)한국경영인증원,N
528,에이치엘만도주식회사,2024,사업장,산업,자동차신품부품제조업,"68,160","1,428",(주)비에스아이그룹코리아,N
529,(주)삼원강재,2024,사업장,산업,자동차신품부품제조업,"31,842",646,(재)한국품질재단,N
530,케이지모빌리티주식회사,2024,업체,산업,자동차용엔진및자동차제조업,"117,223","2,376",㈜한국품질보증원,N
531,한국지엠주식회사,2024,업체,산업,자동차용엔진및자동차제조업,"238,049","4,852",한국표준협회,N
532,현대자동차주식회사,2024,업체,산업,자동차용엔진및자동차제조업,"1,526,375","31,466",로이드인증원㈜,N
533,부산주공(주),2024,사업장,산업,자동차신품부품제조업,"87,529","1,638",㈜한국품질보증원,N
534,(주)코다코,2024,사업장,산업,자동차신품부품제조업,"39,518",809,(재)한국품질재단,N
535,디엘모터스(주),2024,사업장,산업,자동차신품부품제조업,"50,711","1,040",(주)한국경영인증원,N
536,동양피스톤(주),2024,사업장,산업,자동차신품부품제조업,"26,919",554,(주)한국경영인증원,N
537,유니온머티리얼(주),2024,사업장,산업,"내화,비내화요업제품제조업","37,845",765,(재)한국품질재단,N
538,(주)코넥,2024,사업장,산업,자동차신품부품제조업,"39,621",786,(주)한국경영인증원,N
539,현대위아주식회사,2024,업체,산업,자동차신품부품제조업,"98,202","2,042",㈜디엔브이비즈니스어슈어런스코리아,N
540,(주)진합,2024,사업장,산업,자동차신품부품제조업,"26,316",548,한국표준협회,N
541,(주)현대케피코,2024,사업장,산업,자동차신품부품제조업,"24,930",515,로이드인증원㈜,N
542,한온시스템주식회사,2024,사업장,산업,자동차신품부품제조업,"61,700","1,305",㈜디엔브이비즈니스어슈어런스코리아,N
543,(주)동서기공,2024,사업장,산업,자동차신품부품제조업,"50,632","1,047",(주)한국경영인증원,N
544,주식회사삼기,2024,사업장,산업,자동차신품부품제조업,"63,431","1,213",(주)한국경영인증원,N
545,현대모비스(주),2024,업체,산업,자동차신품부품제조업,"105,334","2,194",(재)한국품질재단,N
546,주식회사알트론전주,2024,사업장,산업,자동차신품부품제조업,"33,439",0,,Y
547,평화산업(주),2024,사업장,산업,고무제품제조업,"31,733",649,지속가능인증원주식회사,N
548,현대성우캐스팅주식회사,2024,업체,산업,자동차신품부품제조업,"194,644","3,786",(재)한국품질재단,N
549,주식회사베어링아트,2024,사업장,산업,자동차신품부품제조업,"62,874","1,299",한국표준협회,N
550,명화공업(주),2024,사업장,산업,자동차신품부품제조업,"39,957",819,로이드인증원㈜,N
551,한화오션(주),2024,업체,산업,선박및보트건조업,"455,320","8,162",㈜디엔브이비즈니스어슈어런스코리아,N
552,삼성중공업주식회사,2024,업체,산업,선박및보트건조업,"528,395","9,160",한국표준협회,N
553,에이치에스지성동조선주식회사,2024,사업장,산업,선박및보트건조업,"60,206","1,136",한국표준협회,N
554,에이치디현대미포주식회사,2024,업체,산업,선박및보트건조업,"166,913","3,013",한국표준협회,N
555,에이치디현대삼호주식회사,2024,업체,산업,선박및보트건조업,"276,469","4,804",㈜디엔브이비즈니스어슈어런스코리아,N
556,(주)케이조선,2024,사업장,산업,선박및보트건조업,"63,962","1,153",(재)한국품질재단,N
557,(주)건화,2024,사업장,산업,선박및보트건조업,"36,370",656,한국표준협회,N
558,삼강에스앤씨(주),2024,사업장,산업,선박및보트건조업,"18,197",324,(재)한국품질재단,N
559,대한조선주식회사,2024,사업장,산업,선박및보트건조업,"67,444","1,066",(주)한국경영인증원,N
560,대구염색산업단지관리공단,2024,업체,전환,"증기,냉ㆍ온수및공기조절공급업","620,336","7,033",(주)한국경영인증원,N
561,대전열병합발전주식회사,2024,업체,전환,"증기,냉ㆍ온수및공기조절공급업","133,814","2,718",한국표준협회,Y
562,무림파워텍주식회사,2024,업체,전환,"증기,냉ㆍ온수및공기조절공급업","164,636","2,228",한국표준협회,N
563,부산패션칼라산업협동조합,2024,업체,전환,"증기,냉ㆍ온수및공기조절공급업","115,889","1,636",(주)한국경영인증원,Y
564,(주)씨텍,2024,업체,전환,"증기,냉ㆍ온수및공기조절공급업","763,404","10,981",(주)비에스아이그룹코리아,N
565,안산도시개발(주),2024,사업장,전환,"증기,냉ㆍ온수및공기조절공급업","27,470",617,(재)한국품질재단,N
566,에너원(주),2024,사업장,전환,"증기,냉ㆍ온수및공기조절공급업","41,855",484,(주)한국경영인증원,Y
567,씨지앤율촌전력주식회사,2024,업체,전환,전기업,"1,988,171","39,590",㈜한국품질보증원,N
568,인천공항에너지,2024,업체,전환,"증기,냉ㆍ온수및공기조절공급업","185,004","3,674",㈜한국품질보증원,N
569,인천종합에너지(주),2024,업체,전환,"증기,냉ㆍ온수및공기조절공급업","397,688","7,984",㈜디엔브이비즈니스어슈어런스코리아,N
570,지에스이피에스,2024,업체,전환,전기업,"3,006,264","70,079",로이드인증원㈜,N
571,한국가스공사,2024,업체,전환,연료용가스제조및배관공급업,"580,251","11,051",(주)신화엔지니어링종합건축사사무소,N
572,한국남동발전,2024,업체,전환,전기업,"30,710,313","372,124",대일이엔씨기술(주),N
573,한국남부발전주식회사,2024,업체,전환,전기업,"24,346,135","321,468",(재)한국품질재단,N
574,한국동서발전주식회사,2024,업체,전환,전기업,"25,977,192","319,409",(주)한국경영인증원,N
575,한국서부발전,2024,업체,전환,전기업,"26,963,939","333,064",(주)신화엔지니어링종합건축사사무소,N
576,한국수력원자력,2024,업체,전환,전기업,"3,681,792","73,879",(재)한국품질재단,N
577,한국전력공사,2024,업체,전환,전기업,"873,710","8,368",로이드인증원㈜,N
578,한국중부발전,2024,업체,전환,전기업,"31,166,623","395,116",(재)한국품질재단,N
579,한국지역난방공사,2024,업체,전환,"증기,냉ㆍ온수및공기조절공급업","5,621,836","114,909",(주)신화엔지니어링종합건축사사무소,N
580,(주)한주,2024,업체,전환,"증기,냉ㆍ온수및공기조절공급업","1,049,220","12,857",㈜디엔브이비즈니스어슈어런스코리아,N
581,GS파워,2024,업체,전환,"증기,냉ㆍ온수및공기조절공급업","2,696,279","52,467",한국표준협회,N
582,주식회사지에스이앤알,2024,업체,전환,"증기,냉ㆍ온수및공기조절공급업",632,12,(재)한국품질재단,N
583,위드인천에너지(주),2024,업체,전환,"증기,냉ㆍ온수및공기조절공급업","22,850",492,㈜디엔브이비즈니스어슈어런스코리아,N
584,(주)삼천리,2024,사업장,전환,"증기,냉ㆍ온수및공기조절공급업","98,837","1,737",한국가스안전공사,N
585,부산정관에너지(주),2024,사업장,전환,"증기,냉ㆍ온수및공기조절공급업","70,101","1,397",(주)신화엔지니어링종합건축사사무소,N
586,수완에너지주식회사,2024,업체,전환,"증기,냉ㆍ온수및공기조절공급업","158,941","3,154",대일이엔씨기술(주),N
587,한국토지주택공사,2024,업체,전환,"증기,냉ㆍ온수및공기조절공급업","251,252","5,027",㈜디엔브이비즈니스어슈어런스코리아,N
588,한화에너지주식회사,2024,업체,전환,"증기,냉ㆍ온수및공기조절공급업","5,014,682","56,941",한국표준협회,N
589,평택에너지앤파워주식회사,2024,업체,전환,"증기,냉ㆍ온수및공기조절공급업","1,359,985","26,586",㈜디엔브이비즈니스어슈어런스코리아,N
590,제이비주식회사,2024,사업장,전환,"증기,냉ㆍ온수및공기조절공급업","28,524",574,(재)한국품질재단,N
591,디에스파워주식회사,2024,업체,전환,"증기,냉ㆍ온수및공기조절공급업","994,942","19,769",(주)한국경영인증원,N
592,보임열병합발전주식회사,2024,업체,전환,"증기,냉ㆍ온수및공기조절공급업","910,533","9,795",로이드인증원㈜,N
593,전북집단에너지주식회사,2024,업체,전환,"증기,냉ㆍ온수및공기조절공급업","195,564","2,313",로이드인증원㈜,Y
594,김천에너지서비스주식회사,2024,업체,전환,"증기,냉ㆍ온수및공기조절공급업","689,186","8,017",한국표준협회,Y
595,대구그린파워(주),2024,업체,전환,"증기,냉ㆍ온수및공기조절공급업","661,138","13,158",(주)한국경영인증원,N
596,동두천드림파워,2024,업체,전환,전기업,"2,843,691","56,502",대일이엔씨기술(주),N
597,주식회사대륜발전,2024,업체,전환,"증기,냉ㆍ온수및공기조절공급업","658,637","13,052",한국표준협회,N
598,포천파워(주),2024,업체,전환,전기업,"1,729,578","34,369",(재)한국품질재단,N
599,(주)상공에너지,2024,사업장,전환,"증기,냉ㆍ온수및공기조절공급업","4,568","1,601",㈜한국품질보증원,N
600,(주)에스파워,2024,업체,전환,전기업,"1,508,447","29,876",(재)한국품질재단,N
601,씨엔씨티에너지주식회사,2024,사업장,전환,"증기,냉ㆍ온수및공기조절공급업","25,906",522,로이드인증원㈜,N
602,에스케이에어플러스주식회사,2024,업체,산업,기초화학물질제조업,"331,712","6,939",한국표준협회,N
603,(주)지에스동해전력,2024,업체,전환,전기업,"2,368,116","26,420",대일이엔씨기술(주),N
604,포천민자발전주식회사,2024,업체,전환,전기업,"1,305,244","25,898",(주)한국경영인증원,N
605,주식회사에코비트에너지울산,2024,사업장,전환,"증기,냉ㆍ온수및공기조절공급업","90,248","1,075",한국표준협회,N
606,내포그린에너지(주),2024,사업장,전환,"증기,냉ㆍ온수및공기조절공급업","1,033,275","20,617",대일이엔씨기술(주),N
607,파주에너지서비스,2024,업체,전환,전기업,"4,132,297","80,560",대일이엔씨기술(주),N
608,OCISE주식회사,2024,업체,전환,"증기,냉ㆍ온수및공기조절공급업","1,290,550","23,775",㈜디엔브이비즈니스어슈어런스코리아,N
609,춘천에너지주식회사,2024,업체,전환,"증기,냉ㆍ온수및공기조절공급업","876,707","15,881",로이드인증원㈜,N
610,나래에너지서비스주식회사,2024,업체,전환,"증기,냉ㆍ온수및공기조절공급업","1,822,245","36,263",(주)한국경영인증원,N
611,코스포영남파워주식회사,2024,업체,전환,전기업,"850,361","16,906",한국표준협회,N
612,(주)엔이티,2024,사업장,전환,"증기,냉ㆍ온수및공기조절공급업","6,977",82,한국표준협회,Y
613,케이알에너지(주),2024,사업장,전환,"증기,냉ㆍ온수및공기조절공급업","44,016",472,한국표준협회,N
614,보령엘엔지터미널주식회사,2024,사업장,전환,연료용가스제조및배관공급업,"60,929","1,229",대일이엔씨기술(주),N
615,에스케이멀티유틸리티주식회사,2024,업체,전환,"증기,냉ㆍ온수및공기조절공급업","356,042","4,286",(재)한국품질재단,N
616,고성그린파워주식회사,2024,업체,전환,전기업,"8,875,485","96,161",로이드인증원㈜,N
617,오성연료전지주식회사,2024,사업장,전환,전기업,"35,002",0,한국표준협회,Y
618,엘지유플러스(주),2024,업체,산업,전기통신업,"1,418,334","29,667",한국표준협회,N
619,주식회사케이티,2024,업체,산업,전기통신업,"1,141,171","23,557",㈜한국품질보증원,N
620,SKbroadband(주),2024,업체,산업,전기통신업,"455,962","9,523",㈜디엔브이비즈니스어슈어런스코리아,N
621,에스케이텔레콤주식회사,2024,업체,산업,전기통신업,"1,166,518","24,379",㈜디엔브이비즈니스어슈어런스코리아,N
622,(주)엘지씨엔에스,2024,업체,산업,"컴퓨터프로그래밍,시스템통합및관리업","130,641","2,785",대일이엔씨기술(주),N
623,에스케이주식회사,2024,업체,산업,"컴퓨터프로그래밍,시스템통합및관리업","136,656","2,854",한국표준협회,N
624,네이버주식회사,2024,사업장,산업,"자료처리,호스팅,포털및기타인터넷정보매개서비스업","121,187","2,535",한국표준협회,N
625,롯데이노베이트(주),2024,사업장,산업,"컴퓨터프로그래밍,시스템통합및관리업","120,487","2,516",한국표준협회,N
626,주식회사케이티클라우드,2024,업체,산업,"자료처리,호스팅,포털및기타인터넷정보매개서비스업","347,380","7,417",㈜한국품질보증원,N
627,주식회사에코라임,2024,업체,산업,"시멘트,석회,플라스터및그외제품제조업","104,213",521,(주)신화엔지니어링종합건축사사무소,Y
628,나투라페이퍼주식회사,2024,업체,산업,"펄프,종이및판지제조업","165,385","1,215",한국표준협회,N
629,동일팩키지(주),2024,사업장,산업,"펄프,종이및판지제조업","47,189",409,(재)한국품질재단,Y
630,신대양제지반월(주),2024,사업장,산업,"펄프,종이및판지제조업","119,528","1,466",한국표준협회,N
631,주식회사전주페이퍼,2024,업체,산업,"펄프,종이및판지제조업","449,587","8,181",한국표준협회,N
632,남강제지(주),2024,사업장,산업,"펄프,종이및판지제조업","25,510",223,(재)한국품질재단,N
633,신평택발전(주),2024,업체,전환,전기업,"1,883,760","37,400",(주)신화엔지니어링종합건축사사무소,N
634,에이치디현대오씨아이주식회사,2024,업체,산업,기초화학물질제조업,"352,618","3,992",(재)한국품질재단,N
635,에스케이에코프라임주식회사,2024,업체,산업,기타화학제품제조업,"34,212",589,(재)한국품질재단,Y
636,(주)대동세라믹,2024,사업장,산업,"내화,비내화요업제품제조업","36,887",677,(주)한국경영인증원,Y
637,삼성코닝어드밴스드글라스유한회사,2024,사업장,산업,유리및유리제품제조업,"49,859","1,017",로이드인증원㈜,N
638,에스케이넥실리스주식회사,2024,사업장,산업,1차비철금속제조업,"125,554","2,604",(주)한국경영인증원,N
639,스틸싸이클주식회사,2024,사업장,산업,1차비철금속제조업,"78,531",803,한국표준협회,N
640,에스폼(주),2024,사업장,산업,1차비철금속제조업,0,0,한국표준협회,N
641,동원시스템즈(주),2024,업체,산업,유리및유리제품제조업,"264,278","4,463",(재)한국품질재단,N
642,주식회사피에스엠,2024,사업장,산업,기타금속가공제품제조업,"9,293",170,로이드인증원㈜,N
643,에스케이하이닉스시스템아이씨(주),2024,업체,산업,반도체제조업,125,2,(주)비에스아이그룹코리아,N
644,에이치디현대에너지솔루션(주),2024,사업장,산업,반도체제조업,"19,982",402,(주)한국경영인증원,N
645,제이셋스태츠칩팩코리아(유),2024,사업장,산업,반도체제조업,"100,223","2,090",(주)신화엔지니어링종합건축사사무소,N
646,주식회사윈팩,2024,사업장,산업,반도체제조업,"24,045",500,한국표준협회,Y
647,(주)온셀텍,2024,사업장,산업,전자부품제조업,"34,623",722,한국표준협회,Y
648,(주)중일,2024,사업장,산업,1차비철금속제조업,"29,361",293,한국표준협회,N
649,도레이비에스에프코팅한국유한회사,2024,사업장,산업,일차전지및축전지제조업,"86,241",458,㈜디엔브이비즈니스어슈어런스코리아,N
650,더블유씨피주식회사,2024,사업장,산업,플라스틱제품제조업,"96,802","2,086",㈜한국품질보증원,Y
651,에스케이온주식회사,2024,업체,산업,일차전지및축전지제조업,"160,618","3,326",한국표준협회,N
652,에스티엠주식회사,2024,사업장,산업,일차전지및축전지제조업,"54,647","1,141",한국표준협회,N
653,(주)에코프로머티리얼즈,2024,사업장,산업,일차전지및축전지제조업,"70,327","1,432",(주)한국경영인증원,N
654,(주)에코프로비엠,2024,사업장,산업,일차전지및축전지제조업,"68,312","1,426",(주)한국경영인증원,N
655,(주)일진글로벌,2024,사업장,산업,자동차신품부품제조업,"122,351","2,553",(주)한국경영인증원,N
656,주식회사지에스포천그린에너지,2024,업체,전환,"증기,냉ㆍ온수및공기조절공급업","959,022","13,074",㈜디엔브이비즈니스어슈어런스코리아,N
657,서울에너지공사,2024,업체,전환,"증기,냉ㆍ온수및공기조절공급업","300,444","6,362",한국표준협회,N
658,(주)부산도시가스,2024,사업장,전환,"증기,냉ㆍ온수및공기조절공급업","58,486",303,(주)한국경영인증원,N
659,주식회사케이씨씨글라스,2024,업체,산업,유리및유리제품제조업,"718,215","9,631",(재)한국품질재단,N
660,한일시멘트주식회사,2024,업체,산업,"시멘트,석회,플라스터및그외제품제조업","3,668,271","24,504",한국표준협회,N
661,(주)세아제강,2024,사업장,산업,1차철강제조업,"63,961","1,310",한국표준협회,N
662,에이치디현대중공업주식회사,2024,업체,산업,선박및보트건조업,"671,156","11,635",한국표준협회,N
663,에스케이피아이씨글로벌주식회사,2024,업체,산업,기초화학물질제조업,"540,380","9,599",한국표준협회,N
664,이누스주식회사,2024,사업장,산업,"내화,비내화요업제품제조업","52,998",905,한국표준협회,N
665,주식회사에스피에스엔에이,2024,사업장,산업,"시멘트,석회,플라스터및그외제품제조업","34,359",703,(재)한국품질재단,N
666,주식회사포스코모빌리티솔루션,2024,사업장,산업,1차철강제조업,"54,924","1,124",㈜디엔브이비즈니스어슈어런스코리아,N
667,(주)엘엑스글라스,2024,업체,산업,유리및유리제품제조업,"298,344","3,672",(주)한국경영인증원,N
668,디엘케미칼주식회사,2024,업체,산업,합성고무및플라스틱물질제조업,"236,065","4,535",한국가스안전공사,N
669,주식회사엘지에너지솔루션,2024,업체,산업,일차전지및축전지제조업,"408,140","8,863",한국표준협회,N
670,대한항공,2024,업체,수송,항공여객운송업,"425,062","6,515",㈜디엔브이비즈니스어슈어런스코리아,N
671,(주)신세계,2024,업체,건물,종합소매업,"130,801","2,719",(주)한국경영인증원,N
672,아시아나항공,2024,업체,수송,항공여객운송업,"306,178","4,517",㈜디엔브이비즈니스어슈어런스코리아,N
673,주식회사호텔롯데,2024,업체,건물,일반및생활숙박시설운영업,"156,449","3,208",(주)한국경영인증원,N
674,재단법인아산사회복지재단,2024,사업장,건물,병원,"95,744","1,934",한국표준협회,N
675,롯데쇼핑주식회사,2024,업체,건물,종합소매업,"717,398","14,789",한국표준협회,N
676,홈플러스주식회사,2024,업체,건물,종합소매업,"385,477","8,041",로이드인증원㈜,N
677,인천국제공항공사,2024,업체,건물,기타운송관련서비스업,"267,110","5,157",(주)한국경영인증원,N
678,한국공항공사,2024,사업장,건물,기타운송관련서비스업,"92,395","1,912",로이드인증원㈜,N
679,사회복지법인삼성생명공익재단,2024,사업장,건물,병원,"85,651","1,760",(재)한국품질재단,N
680,서울대학교병원,2024,사업장,건물,병원,"92,838","1,936",한국표준협회,N
681,학교법인가톨릭학원,2024,사업장,건물,병원,"138,419","2,832",한국표준협회,N
682,국립대학법인서울대학교,2024,업체,건물,고등교육기관,"150,776","3,115",(재)한국품질재단,N
683,학교법인고려중앙학원,2024,사업장,건물,고등교육기관,"111,736","2,311",㈜한국품질보증원,N
684,학교법인한양학원,2024,사업장,건물,고등교육기관,"80,087","3,205",(주)한국경영인증원,N
685,경북대학교,2024,사업장,건물,고등교육기관,"41,113",872,㈜한국품질보증원,N
686,학교법인성균관대학,2024,사업장,건물,고등교육기관,"70,474","1,429",(주)한국경영인증원,N
687,학교법인이화학당,2024,사업장,건물,고등교육기관,"74,582","3,291",(주)한국경영인증원,N
688,학교법인포항공과대학교,2024,사업장,건물,고등교육기관,"82,127","1,855",㈜한국품질보증원,N
689,한국과학기술원,2024,사업장,건물,고등교육기관,"87,144","1,788",(주)한국경영인증원,N
690,(주)강원랜드,2024,사업장,건물,유원지및기타오락관련서비스업,"79,430","1,603",로이드인증원㈜,N
691,삼성물산주식회사,2024,사업장,산업,건물건설업,"93,059","2,060",(주)비에스아이그룹코리아,N
692,주식회사소노인터내셔널,2024,사업장,건물,일반및생활숙박시설운영업,"136,468","2,762",(주)한국경영인증원,N
693,모나용평주식회사,2024,사업장,건물,일반및생활숙박시설운영업,"34,759",694,(재)한국품질재단,N
694,서울특별시농수산식품공사,2024,사업장,건물,부동산임대및공급업,"63,908","1,330",(주)한국경영인증원,N
695,학교법인건국대학교,2024,사업장,건물,고등교육기관,"75,442","1,533",(주)한국경영인증원,N
696,(주)이마트,2024,업체,건물,종합소매업,"522,497","10,973",한국표준협회,N
697,주식회사이랜드리테일,2024,업체,건물,종합소매업,"155,694","3,260",한국표준협회,N
698,전남대학교,2024,사업장,건물,고등교육기관,"37,811",775,한국표준협회,N
699,충남대학교,2024,사업장,건물,고등교육기관,"30,486",631,로이드인증원㈜,N
700,전북대학교,2024,사업장,건물,고등교육기관,"35,713",738,(주)한국경영인증원,N
701,아주대학교의료원,2024,사업장,건물,병원,"28,391",581,한국생산성본부인증원(주),N
702,학교법인연세대학교,2024,업체,건물,고등교육기관,"203,451","4,217",(재)한국품질재단,N
703,(주)현대백화점,2024,업체,건물,종합소매업,"162,990","3,430",한국표준협회,N
704,주식회사더블유티씨서울,2024,사업장,건물,부동산임대및공급업,"58,002","1,195",(주)한국경영인증원,Y
705,울산과학기술원,2024,사업장,건물,고등교육기관,"37,607",786,한국표준협회,N
706,한국도로공사,2024,업체,건물,기타운송관련서비스업,"257,639","5,186",로이드인증원㈜,N
707,롯데물산(주),2024,사업장,건물,부동산임대및공급업,"40,273",774,(주)한국경영인증원,N
708,재단법인대구경북과학기술원,2024,사업장,건물,고등교육기관,"31,474",643,한국표준협회,N
709,주식회사스타필드고양,2024,사업장,건물,부동산임대및공급업,"25,819",576,㈜한국품질보증원,N
710,주식회사스타필드하남,2024,사업장,건물,부동산임대및공급업,"24,865",518,㈜한국품질보증원,N
711,제주신화월드주식회사,2024,사업장,건물,일반및생활숙박시설운영업,"44,436",882,(주)한국경영인증원,N
712,주식회사파라다이스세가사미,2024,사업장,건물,일반및생활숙박시설운영업,"38,983",798,한국표준협회,N
713,금호고속(주),2024,업체,수송,육상여객운송업,"6,064",126,(주)한국경영인증원,N
714,(주)경기고속,2024,업체,수송,육상여객운송업,"115,254","1,852",(주)한국경영인증원,N
715,(주)대원고속,2024,업체,수송,육상여객운송업,"117,728","1,920",(주)한국경영인증원,N
716,한국철도공사,2024,업체,수송,철도운송업,"1,510,796","30,042",지속가능인증원주식회사,N
717,부산교통공사,2024,업체,수송,육상여객운송업,"157,182","3,280",한국표준협회,N
718,인천교통공사,2024,사업장,수송,육상여객운송업,"117,332","2,425",한국표준협회,N
719,대구교통공사,2024,사업장,수송,육상여객운송업,"98,437","2,053",(주)한국경영인증원,N
720,공항철도(주),2024,사업장,수송,육상여객운송업,"58,108","1,211",대일이엔씨기술(주),N
721,서울시메트로9호선(주),2024,사업장,수송,육상여객운송업,"53,211","1,110",(주)한국경영인증원,N
722,에어부산(주),2024,업체,수송,항공여객운송업,"163,093","2,342",한국표준협회,N
723,(주)이스타항공,2024,업체,수송,항공여객운송업,"122,762","1,760",(재)한국화학융합시험연구원,Y
724,제주항공(주),2024,업체,수송,항공여객운송업,"228,618","3,282",(재)한국화학융합시험연구원,N
725,주식회사진에어,2024,업체,수송,항공여객운송업,"217,123","3,111",한국표준협회,N
726,주식회사티웨이항공,2024,업체,수송,항공여객운송업,"186,993","2,687",(재)한국화학융합시험연구원,N
727,(주)동양고속,2024,사업장,수송,육상여객운송업,"53,374",763,(주)한국경영인증원,N
728,(주)중앙고속,2024,사업장,수송,육상여객운송업,"47,642",680,(주)한국경영인증원,Y
729,(주)경북고속,2024,사업장,수송,육상여객운송업,"31,288",445,(주)한국경영인증원,N
730,(주)금남고속,2024,사업장,수송,육상여객운송업,"22,296",318,(주)한국경영인증원,Y
731,(주)천일고속,2024,사업장,수송,육상여객운송업,"21,368",305,(주)한국경영인증원,Y
732,(주)한일고속,2024,사업장,수송,육상여객운송업,"70,972",977,(주)한국경영인증원,Y
733,경원여객자동차(주),2024,사업장,수송,육상여객운송업,"31,036",572,한국표준협회,N
734,수원여객운수(주),2024,사업장,수송,육상여객운송업,"19,546",386,한국표준협회,N
735,경원여객자동차(주),2024,사업장,수송,육상여객운송업,"15,471",220,(주)한국경영인증원,Y
736,(합)경남여객,2024,사업장,수송,육상여객운송업,"41,498",701,한국표준협회,N
737,성남시내버스(주),2024,사업장,수송,육상여객운송업,"24,814",477,㈜한국품질보증원,N
738,소신여객자동차(주),2024,사업장,수송,육상여객운송업,"15,756",310,한국표준협회,Y
739,대창운수(주),2024,사업장,수송,육상여객운송업,"22,580",423,한국표준협회,N
740,동원로엑스(주),2024,사업장,수송,도로화물운송업,"55,333",900,한국표준협회,N
741,(주)충남고속,2024,사업장,수송,육상여객운송업,"23,447",335,(주)한국경영인증원,N
742,(주)전북고속,2024,사업장,수송,육상여객운송업,"16,758",238,(주)한국경영인증원,Y
743,주식회사명성,2024,사업장,수송,육상여객운송업,"23,450",409,(주)한국경영인증원,Y
744,선진버스(주),2024,사업장,수송,육상여객운송업,"17,365",321,(주)한국경영인증원,Y
745,(주)선진운수,2024,사업장,수송,육상여객운송업,"24,798",470,(재)한국품질재단,Y
746,삼영운수(주),2024,사업장,수송,육상여객운송업,"20,143",372,한국표준협회,Y
747,용남고속(주),2024,사업장,수송,육상여객운송업,"21,173",372,(주)한국경영인증원,N
748,경진여객운수(주),2024,사업장,수송,육상여객운송업,"21,107",373,(주)한국경영인증원,Y
749,(주)대원운수,2024,사업장,수송,육상여객운송업,"35,606",596,(주)한국경영인증원,Y
750,강원고속,2024,사업장,수송,육상여객운송업,"16,788",239,한국표준협회,N
751,김포운수(주),2024,사업장,수송,육상여객운송업,"16,961",315,(주)한국경영인증원,Y
752,(주)대원버스,2024,사업장,수송,육상여객운송업,"33,811",583,(주)한국경영인증원,Y
753,신성교통(주),2024,사업장,수송,육상여객운송업,"10,449",194,대일이엔씨기술(주),Y
754,금호익스프레스주식회사,2024,업체,수송,육상여객운송업,"100,236","1,440",(주)한국경영인증원,N
755,씨월드고속훼리(주),2024,사업장,수송,해상운송업,"108,976","1,499",(주)한국경영인증원,Y
756,케이엠씨해운주식회사,2024,사업장,수송,해상운송업,"43,505",603,㈜디엔브이비즈니스어슈어런스코리아,Y
757,(주)세주,2024,사업장,수송,해상운송업,"28,350",387,㈜디엔브이비즈니스어슈어런스코리아,Y
758,(주)제양항공해운,2024,사업장,수송,해상운송업,718,10,로이드인증원㈜,Y
759,신분당선(주),2024,사업장,수송,육상여객운송업,"26,382",551,(주)한국경영인증원,N
760,서울교통공사,2024,업체,수송,육상여객운송업,"650,164","13,579",대일이엔씨기술(주),N
761,주식회사에스알,2024,업체,수송,철도운송업,"168,201","3,516",(주)비에스아이그룹코리아,N
762,CJ대한통운(주),2024,업체,수송,도로화물운송업,"228,750","4,091",(주)한국경영인증원,N
763,현대글로비스(주),2024,사업장,수송,도로화물운송업,"79,527","1,210",한국표준협회,N
764,(주)한진,2024,업체,수송,도로화물운송업,"102,568","1,644",한국표준협회,N
765,(주)유성티엔에스,2024,사업장,수송,도로화물운송업,"26,598",384,(주)한국경영인증원,N
766,대신정기화물자동차(주),2024,사업장,수송,도로화물운송업,"46,233",658,한국표준협회,Y
767,(주)엘엑스판토스,2024,사업장,수송,도로화물운송업,"46,415",558,㈜디엔브이비즈니스어슈어런스코리아,N
768,(주)농협물류,2024,사업장,수송,도로화물운송업,"29,600",433,한국표준협회,N
769,(주)유진로지스틱스,2024,사업장,수송,도로화물운송업,"22,940",333,(재)한국품질재단,N
770,(주)동방,2024,사업장,수송,도로화물운송업,"57,667",842,대일이엔씨기술(주),N
771,인터지스(주),2024,사업장,수송,도로화물운송업,"32,691",485,(주)한국경영인증원,N
772,도명특송(주),2024,사업장,수송,도로화물운송업,"20,832",296,한국표준협회,Y
773,(주)한익스프레스,2024,사업장,수송,도로화물운송업,"23,918",400,한국표준협회,N
774,세방(주),2024,사업장,수송,도로화물운송업,"27,838",436,(주)한국경영인증원,N
775,주식회사금강고속,2024,사업장,수송,육상여객운송업,"23,408",340,한국표준협회,Y
776,롯데글로벌로지스(주),2024,사업장,수송,도로화물운송업,"60,296","1,168",한국표준협회,N
777,에스케이엔텀주식회사,2024,업체,건물,보관및창고업,"36,958","1,729",한국표준협회,N
778,삼표해운주식회사,2024,사업장,수송,해상운송업,"70,239",969,(재)한국품질재단,N
